год,деревьев,edge_holdout,meta_auc,meta_деревьев,meta_std,сделок,итог_%,без_2_лучших_%,PF,до_комиссии,winrate,просадка_%,средний_размер,vol_corr_model,vol_corr_atr
2016,,,,,,31,-16.65,-30.12,0.63,-0.497,41.9,-19.79,1.0,,
2017,,,,,,28,1.54,-9.99,1.05,0.095,46.4,-9.85,1.0,,
2018,,,,,,31,8.89,-2.94,1.31,0.327,48.4,-13.4,1.0,,
2019,,,,,,30,5.11,-21.25,1.12,0.21,36.7,-16.7,1.0,,
2020,,,,,,36,35.47,16.53,2.03,1.025,50.0,-9.75,1.0,,
2021,,,,,,38,21.05,7.01,1.54,0.594,57.9,-10.95,1.0,,
2022,,,,,,43,-12.9,-83.25,0.91,-0.26,44.2,-83.7,1.0,,
2023,,,,,,34,-11.87,-21.15,0.66,-0.309,41.2,-12.78,1.0,,
2024,,,,,,39,52.04,23.46,2.24,1.374,51.3,-11.07,1.0,,
2025,,,,,,49,24.76,3.73,1.47,0.545,53.1,-16.2,1.0,,
2026,,,,,,18,7.45,-0.88,1.55,0.454,50.0,-5.38,1.0,,
