квартал,деревьев,edge_holdout,meta_auc,meta_деревьев,meta_std,сделок,итог_%,без_2_лучших_%,PF,до_комиссии,winrate
2024Q1,,,,,,89,-2.53,-4.88,0.81,0.012,41.6
2024Q2,,,,,,93,13.15,8.98,1.95,0.181,51.6
2024Q3,,,,,,126,-1.8,-7.48,0.94,0.026,43.7
2024Q4,,,,,,97,-4.11,-7.29,0.83,-0.002,41.2
2025Q1,,,,,,125,-18.57,-24.17,0.49,-0.109,26.4
2025Q2,,,,,,143,-15.81,-20.85,0.61,-0.071,29.4
2025Q3,,,,,,135,-0.5,-4.05,0.98,0.036,41.5
2025Q4,,,,,,121,4.71,-4.17,1.15,0.079,40.5
2026Q1,,,,,,119,2.39,-2.45,1.11,0.06,39.5
