год,деревьев,edge_holdout,сделок,итог_%,без_2_лучших_%,PF,до_комиссии,winrate
2018,44.0,-0.0229,113,0.6,-4.73,1.02,0.045,39.8
2019,12.0,-0.0055,10,-0.29,-2.34,0.92,0.011,40.0
2020,43.0,-0.0,85,10.68,5.26,1.51,0.166,43.5
2021,20.0,0.0013,41,4.84,-1.54,1.39,0.158,46.3
2022,12.0,0.0006,31,1.8,-11.49,1.08,0.098,32.3
2023,125.0,0.0046,212,-7.54,-11.46,0.82,0.004,42.5
2024,5.0,0.0205,1,0.04,0.04,inf,0.082,100.0
2025,30.0,0.0196,154,-12.93,-20.42,0.67,-0.044,32.5
2026,91.0,0.0348,99,4.6,-0.48,1.29,0.086,45.5
