вариант,инструмент,сделок,в_год,итог,без_2,winrate,PF,просадка,t,лет
без,silver,461,42.0,252.13054172446198,208.9016636206182,46.420824295010846,1.555403113307081,-31.964941230913304,3.1477362767997468,9/11
без,gold,506,46.0,45.175708169574925,18.17644587265632,44.86166007905138,1.1451447621605262,-43.595874631628504,1.0473193611667195,6/11
без,lkoh,345,31.0,157.49486102559743,129.69857308465134,51.30434782608696,1.4221874171446363,-30.533559110068694,2.4446363580959187,7/11
без,gazp,371,34.0,230.52400936835136,156.7412637386645,50.40431266846361,1.5143168379160596,-79.7597281049719,1.97120966347863,9/11
без,sber,380,35.0,144.76973927086138,116.1785848318454,46.578947368421055,1.3425580106874264,-43.284572295551186,2.051959501644595,8/11
без,moex,381,35.0,35.50264224192218,8.06399461610291,45.93175853018373,1.0758379357468846,-57.43484118795456,0.5435031188651006,4/11
без,mtss,327,30.0,-31.437706299966138,-71.48926738618721,41.284403669724774,0.9273156274336478,-101.32149863608775,-0.490331336299329,6/11
без,eth,342,57.0,63.89335981787503,5.188716005991203,44.15204678362573,1.0684104840896664,-100.72417577443424,0.4391897191605974,4/6
без,портфель 8,3113,283.0,112.25664441483475,,46.35399935753293,1.2336422589678948,-13.804675342913203,3.6466291421905215,7/11
без,новые 5,1801,164.0,88.65040887980875,,45.80788450860633,1.163836111846309,-24.49518441551001,2.019068870859517,6/11
без,исходные 3,1312,119.0,151.6003703065448,,47.103658536585364,1.399561596954925,-15.044794982083863,4.073894323052058,10/11
slip0.05,silver,457,42.0,247.24379021417033,204.11276913492162,46.608315098468275,1.5425444222453917,-38.27671450048324,3.0895631398217547,8/11
slip0.05,gold,504,46.0,28.459218611712508,1.573439204497486,43.452380952380956,1.0887745081078988,-55.28101726897089,0.658377224158356,5/11
slip0.05,lkoh,346,31.0,137.49785136378352,109.81544462620622,50.28901734104046,1.3565253994520603,-33.1190479895527,2.120807213075812,7/11
slip0.05,gazp,374,34.0,210.28847747722926,136.61388607747057,50.26737967914438,1.4546384607231588,-80.13965310105965,1.7965662643059725,9/11
slip0.05,sber,378,34.0,138.5536835950855,110.06270651272533,46.2962962962963,1.329456752504504,-39.89810022116189,1.974703110831952,8/11
slip0.05,moex,380,35.0,48.37853227521548,21.026168467492326,45.0,1.105258896880936,-37.63583174102221,0.7420578034872158,5/11
slip0.05,mtss,325,30.0,-32.14322830442461,-69.74818036990398,42.15384615384615,0.9263543957558328,-108.94457653309699,-0.5003039030566351,6/11
slip0.05,eth,345,58.0,34.353596741238185,-24.25043113699708,43.47826086956522,1.0359499332093642,-102.51843012141555,0.23603690357020116,4/6
slip0.05,портфель 8,3109,283.0,101.57899024675127,,45.899002894821486,1.2085430050887387,-13.71590258665281,3.299057442756497,7/11
slip0.05,новые 5,1802,164.0,79.88621235686875,,45.56048834628191,1.1460570590925152,-26.254256093566678,1.8199286720242296,6/11
slip0.05,исходные 3,1307,119.0,137.7336200632221,,46.36572302983933,1.3556095161120678,-17.878297669434602,3.6935700121592734,9/11
slip0.1,silver,458,42.0,219.89760577427484,176.8644202119462,45.851528384279476,1.464747012950811,-39.43920566300184,2.7481348939221077,8/11
slip0.1,gold,506,46.0,0.6441323022313625,-26.134303647485577,42.68774703557312,1.0019052976583158,-73.77588889920249,0.014948264447008414,5/11
slip0.1,lkoh,346,31.0,110.02703938893703,82.45840008729255,48.554913294797686,1.2797150448517651,-34.12803079155574,1.7292218951574592,7/11
slip0.1,gazp,377,34.0,154.979150048091,81.41267610908218,48.54111405835544,1.3193016608612405,-90.66775007687855,1.3356059699366298,8/11
slip0.1,sber,381,35.0,107.02953562533828,78.63872171430863,45.14435695538058,1.2445092052015427,-47.47063752510866,1.5239624891152843,7/11
slip0.1,moex,378,34.0,34.49086721475093,7.224873595312211,43.91534391534391,1.0736653185836549,-43.87881072763201,0.5294794112055046,6/11
slip0.1,mtss,325,30.0,-56.43635456704597,-93.9364541710606,41.84615384615385,0.8752809310719312,-114.59408767347996,-0.8770719790708597,6/11
slip0.1,eth,345,58.0,19.79393298200094,-38.70950820401296,43.188405797101446,1.020561205266777,-100.86614286647003,0.13617481270723372,4/6
slip0.1,портфель 8,3116,283.0,73.80323859607229,,44.929396662387674,1.1471984869699765,-18.75777752915446,2.406196003688571,6/11
slip0.1,новые 5,1806,164.0,51.97142626062703,,44.629014396456256,1.0925910785801276,-30.341586585231624,1.1876596659482046,6/11
slip0.1,исходные 3,1310,119.0,110.18959248848108,,45.343511450381676,1.274425698690297,-23.501350694274915,2.9751651731327104,8/11
slipatr0.25,silver,458,42.0,207.70690920597787,164.9420153267968,45.633187772925766,1.4378046682027505,-42.278487802531174,2.619772678088879,9/11
slipatr0.25,gold,505,46.0,16.368871808566624,-10.374902700865167,43.366336633663366,1.0499720357969033,-62.24590359688045,0.3796380131309862,5/11
slipatr0.25,lkoh,346,31.0,107.92519118729393,80.46938145924051,48.84393063583815,1.2707810594676097,-35.41858278212045,1.6755498094094539,7/11
slipatr0.25,gazp,377,34.0,146.2135944491086,72.77731291510531,48.275862068965516,1.2957485517208478,-96.37469942114645,1.2385730738844025,8/11
slipatr0.25,sber,381,35.0,94.16062213343955,66.05459059692362,45.66929133858268,1.2125964090376378,-49.01923630737931,1.3478383677413919,6/11
slipatr0.25,moex,380,35.0,-13.068481223800934,-40.01048831818561,43.15789473684211,0.9738552630883796,-65.90592529219688,-0.19876603127413603,6/11
slipatr0.25,mtss,325,30.0,-71.71943372692368,-108.96682980301622,41.84615384615385,0.8442183311453838,-120.76303482693767,-1.121679615985516,6/11
slipatr0.25,eth,346,58.0,-26.258868511420655,-84.06692087478567,42.48554913294797,0.9735691914828145,-115.30925313931148,-0.1803185573856989,4/6
slipatr0.25,портфель 8,3118,283.0,57.66605066528017,,44.90057729313663,1.11275062349134,-23.585533042718755,1.8718366749537,6/11
slipatr0.25,новые 5,1809,164.0,25.865486624080575,,44.38916528468767,1.0447341416980491,-43.37696197342219,0.5877627783501235,6/11
slipatr0.25,исходные 3,1309,119.0,110.66699073394614,,45.60733384262796,1.276538692113548,-23.838436986037934,2.991343927329543,9/11
