вариант,период,сделок,итог,на_сделку,t,PF,winrate,просадка,итог/просадка,лет_в_плюсе,инструмент
база,выбор,1469,37.70245589859469,0.025665388630765618,2.169651273888276,1.1817041021766361,44.65622872702519,-10.816710838140697,3.4855749093016737,4/6,
база,выбор,63,65.26844530654998,1.036007068357936,0.9221936696757648,1.3799588113245853,39.682539682539684,-30.373053645188424,2.148893096789086,1/1,eth
база,выбор,188,39.929280982496564,0.2123897924600881,0.8172391432900172,1.1800704699562636,44.148936170212764,-45.128642778415674,0.8847879866131076,4/6,gazp
база,выбор,301,-8.950653472196578,-0.029736390273078332,-0.2989525152372308,0.9542835683430267,42.524916943521596,-32.83776887743389,-0.27257191271443126,2/6,gold
база,выбор,137,64.48069921534028,0.47066203806817725,1.5959208375903422,1.4437008532158688,51.09489051094891,-34.88243524561412,1.8485148402432037,2/5,lkoh
база,выбор,169,6.428298288934787,0.038037267981862646,0.1413437843259028,1.0281659683544893,44.37869822485207,-66.27478449814765,0.09699463133093182,3/6,moex
база,выбор,146,-65.1095685815138,-0.44595594918845066,-1.671459249781736,0.7106533878588324,40.41095890410959,-97.6964536868101,-0.6664476152864101,4/6,mtss
база,выбор,192,108.74897471118229,0.5664009099540744,1.9751087877232798,1.4592089078478625,51.5625,-24.201636895717535,4.493455346833393,5/6,sber
база,выбор,273,90.82417073796401,0.33268927010243227,1.7288254284635818,1.3860780700037296,42.857142857142854,-35.57968093492955,2.552697729472875,4/6,silver
база,проверка,1969,106.37972814607276,0.05402728702187545,3.9817093211866865,1.3333770315807223,46.67343829355002,-9.841829449191323,10.808938388463305,6/6,
база,проверка,351,81.46616305576376,0.2320973306432016,0.5709148631512234,1.0870028939362502,43.01994301994302,-79.41968054859912,1.0257679518858345,5/6,eth
база,проверка,223,220.84902571809891,0.990354375417484,2.4451535050821502,1.8669238733357052,51.569506726457405,-30.016709017345057,7.357536283890483,6/6,gazp
база,проверка,270,56.603421219367306,0.2096423008124715,1.760042622060166,1.3609379115536933,46.2962962962963,-23.002007490695448,2.460803529529498,4/6,gold
база,проверка,222,66.37054356341872,0.29896641244783206,1.3364813208107413,1.2654178352305658,49.0990990990991,-29.506193663233127,2.2493766671816187,5/6,lkoh
база,проверка,231,47.42863766657552,0.2053187777773832,0.8894679750074294,1.1872542290071715,46.320346320346324,-25.918686933884672,1.8299012518481372,4/6,moex
база,проверка,197,82.77800277524092,0.4201929074885326,1.4128366759336377,1.3718474126899487,45.17766497461929,-21.647945116163783,3.823827265407903,3/6,mtss
база,проверка,227,143.74925687063813,0.6332566381966438,2.4470650689044584,1.7223500370782878,44.93392070484582,-41.37591767340473,3.4742252245691243,4/6,sber
база,проверка,248,151.79277429947882,0.6120676383043501,2.4140253388868285,1.5423425779502715,48.79032258064516,-25.497060148396272,5.953344166583314,5/6,silver
база,всё,3438,144.08218404466743,0.04190872136261414,4.5198716626025,1.2736130517744166,45.811518324607334,-10.816710838140697,13.320332419040053,10/12,
база,всё,414,146.7346083623138,0.35443142116500914,0.9219860321477398,1.132415319306685,42.51207729468599,-79.4196805485991,1.8475849732551217,6/7,eth
база,всё,411,260.77830670059546,0.6344970965951228,2.5349016783446676,1.5472870725919634,48.175182481751825,-45.128642778415674,5.778554165278856,10/12,gazp
база,всё,571,47.65276774717072,0.08345493475861772,1.0831782475944793,1.1351431735133228,44.30823117338004,-33.244871686753925,1.4333870257095163,6/12,gold
база,всё,359,130.85124277875897,0.36448814144501107,2.046178951502773,1.3309461375687388,49.86072423398329,-34.88243524561412,3.751207215247718,7/11,lkoh
база,всё,400,53.8569359555103,0.13464233988877575,0.7692164601545188,1.111849158873404,45.5,-66.27478449814765,0.812630872560824,7/12,moex
база,всё,343,17.66843419372715,0.051511469952557294,0.2498733934680059,1.03947057706932,43.14868804664723,-97.6964536868101,0.18085031264663548,7/12,mtss
база,всё,419,252.4982315818204,0.6026210777609079,3.1397659994875826,1.5793631717305618,47.97136038186158,-41.37591767340487,6.102540941203541,9/12,sber
база,всё,521,242.6169450374429,0.46567551830603243,2.961662287065414,1.4709803622320035,45.68138195777352,-35.57968093492955,6.818974725522599,9/12,silver
безубыток после +2.0 ATR,выбор,1753,25.598197847914044,0.014602508755227634,1.5849979541220987,1.1542059805805114,28.864803194523674,-16.134718117574117,1.5865289781562528,4/6,
безубыток после +2.0 ATR,выбор,75,62.5354524244475,0.8338060323259666,0.8921971348435566,1.4847326091390192,28.000000000000004,-32.21381997218325,1.9412616224479768,1/1,eth
безубыток после +2.0 ATR,выбор,214,45.17574560274643,0.21110161496610483,1.0207238232072977,1.2573402612221625,32.242990654205606,-24.605956807814366,1.8359678493948874,5/6,gazp
безубыток после +2.0 ATR,выбор,382,-52.23117327606667,-0.13673082009441537,-2.0936655165293843,0.6967380712351359,23.56020942408377,-64.6112865574977,-0.8083908564424893,1/6,gold
безубыток после +2.0 ATR,выбор,159,66.63107241995442,0.41906334855317245,1.8048465043960258,1.6303788787304925,35.22012578616352,-15.944287667383573,4.1789933680297455,3/5,lkoh
безубыток после +2.0 ATR,выбор,198,1.3502839116007195,0.006819615715155149,0.03185348854102691,1.0073398819316641,28.28282828282828,-52.62637254888499,0.025657932443404335,2/6,moex
безубыток после +2.0 ATR,выбор,162,-77.61988236829478,-0.47913507634749863,-2.1924664988412186,0.6067661935122748,28.39506172839506,-91.9073068602006,-0.8445452817626535,3/6,mtss
безубыток после +2.0 ATR,выбор,227,91.04941305033971,0.40109873590458023,1.8139949201860115,1.497448290844643,34.36123348017621,-25.23926949375629,3.6074504086920416,5/6,sber
безубыток после +2.0 ATR,выбор,336,67.89467101858502,0.20206747326959826,1.4421922156010072,1.374853506276354,26.785714285714285,-38.5771111962985,1.7599729195145009,4/6,silver
безубыток после +2.0 ATR,проверка,2351,86.15096935223015,0.03664439359941733,3.3752444749664727,1.3363671252735227,30.54019566142067,-12.624146918350984,6.824300280203293,5/6,
безубыток после +2.0 ATR,проверка,422,184.2719010210461,0.4366632725617206,1.4178742265012216,1.2697147633290218,31.27962085308057,-92.64826391654388,1.9889406798494935,4/6,eth
безубыток после +2.0 ATR,проверка,264,118.00231282804077,0.44697845768197264,1.114342931908325,1.4604602530143134,32.196969696969695,-75.63714366200207,1.5601106429316651,5/6,gazp
безубыток после +2.0 ATR,проверка,321,73.18966118859775,0.2280051750423606,2.1955139407278166,1.586605627663053,34.57943925233645,-16.363772537994542,4.472664296613811,5/6,gold
безубыток после +2.0 ATR,проверка,257,35.62247083834992,0.13860883594688683,0.7883187881790215,1.1700280226528568,34.24124513618677,-25.861808063732184,1.3774161014018889,4/6,lkoh
безубыток после +2.0 ATR,проверка,276,21.83324790049381,0.07910597065396308,0.5347519089745667,1.1200554103855667,25.724637681159418,-21.221215567190022,1.0288405879185378,3/6,moex
безубыток после +2.0 ATR,проверка,232,62.360659652533414,0.26879594677816127,1.1075380934880956,1.338477998782465,28.448275862068968,-32.86632907096307,1.897402643230642,4/6,mtss
безубыток после +2.0 ATR,проверка,269,104.56773989008734,0.3887276575839678,2.2069480450459835,1.6433941392208595,30.111524163568777,-28.358736899722857,3.6873200756381097,4/6,sber
безубыток после +2.0 ATR,проверка,310,89.35976149869211,0.2882572951570713,1.5249934614758798,1.3623771350501475,27.09677419354839,-43.023907050622846,2.076979233744381,5/6,silver
безубыток после +2.0 ATR,всё,4104,111.7491672001442,0.027229329239801217,3.6991481456184054,1.264731994616158,29.82456140350877,-16.134718117574117,6.926006787712377,9/12,
безубыток после +2.0 ATR,всё,497,246.80735344549356,0.49659427252614396,1.673448505310887,1.303867430372354,30.784708249496983,-92.64826391654391,2.663917735876991,5/7,eth
безубыток после +2.0 ATR,всё,478,163.17805843078725,0.3413766912777976,1.4227184466614475,1.3778852745333192,32.21757322175732,-75.63714366200207,2.157379966117933,10/12,gazp
безубыток после +2.0 ATR,всё,703,20.958487912531076,0.02981292732934719,0.5003946521954896,1.070567463326861,28.591749644381224,-64.6112865574977,0.32437812384187825,6/12,gold
безубыток после +2.0 ATR,всё,416,102.25354325830436,0.24580178667861624,1.7525344117853294,1.3243987233090884,34.61538461538461,-25.861808063732326,3.9538435598283272,7/11,lkoh
безубыток после +2.0 ATR,всё,474,23.183531812094543,0.04891040466686612,0.3943189972373139,1.063373266658486,26.79324894514768,-52.62637254888499,0.44053068241705634,5/12,moex
безубыток после +2.0 ATR,всё,394,-15.259222715761354,-0.03872899166436892,-0.22830983243099937,0.960015355901226,28.426395939086298,-98.63447009284178,-0.15470476701905822,7/12,mtss
безубыток после +2.0 ATR,всё,496,195.61715294042708,0.394389421250861,2.83698419808816,1.566090508440879,32.056451612903224,-28.358736899722544,6.897950131987048,9/12,sber
безубыток после +2.0 ATR,всё,646,157.25443251727708,0.243427914113432,2.093540656804486,1.3676604489788537,26.93498452012384,-43.02390705062302,3.655047700159995,9/12,silver
безубыток после +3.0 ATR,выбор,1546,32.83642675611948,0.0212396033351355,1.9154447005580142,1.1761135027525451,37.0633893919793,-14.36595341468233,2.2857116272255142,4/6,
безубыток после +3.0 ATR,выбор,67,98.53351272631565,1.470649443676353,1.3672551034157865,1.790899990485508,35.82089552238806,-30.373053645188424,3.2441095280495422,1/1,eth
безубыток после +3.0 ATR,выбор,197,41.34098995883399,0.20985274090778674,0.8502238765265099,1.2033288749616602,38.07106598984771,-43.659330823532294,0.9468993037463431,4/6,gazp
безубыток после +3.0 ATR,выбор,326,-35.17803901594635,-0.10790809514093971,-1.2258202501836306,0.8156803098982739,33.12883435582822,-58.37669009470273,-0.6026042065570707,1/6,gold
безубыток после +3.0 ATR,выбор,141,58.002543884155145,0.41136555946209324,1.48837926931837,1.4324967488000473,44.680851063829785,-30.63336702717985,1.893443310775849,2/5,lkoh
безубыток после +3.0 ATR,выбор,177,-26.408555793998822,-0.14920088019208375,-0.5915376987819368,0.8808692489643697,35.02824858757062,-67.59953528174282,-0.39066179499507897,1/6,moex
безубыток после +3.0 ATR,выбор,151,-86.45514762339303,-0.5725506465125366,-2.3898776546578984,0.592716581091059,30.4635761589404,-100.07876437129777,-0.8638710536297155,3/6,mtss
безубыток после +3.0 ATR,выбор,201,121.04057568077508,0.6021919188098263,2.292734308450729,1.634871857400455,43.28358208955223,-23.732725751558675,5.100154821989867,6/6,sber
безубыток после +3.0 ATR,выбор,286,91.8155342322141,0.3210333364762731,1.779956583470178,1.4287832179093216,37.76223776223776,-33.79209525197934,2.7170713608483954,4/6,silver
безубыток после +3.0 ATR,проверка,2081,91.8414775264382,0.04413333855186843,3.4086505084087753,1.315615232674487,39.836617011052375,-11.50449265827687,7.983096713123038,6/6,
безубыток после +3.0 ATR,проверка,377,95.13807629419935,0.2523556400376641,0.6924976681946639,1.1151693764931496,36.60477453580902,-71.0859622110868,1.338352514828326,5/6,eth
безубыток после +3.0 ATR,проверка,234,138.42599286680118,0.5915640720803469,1.281753233566592,1.5068658010207163,44.44444444444444,-89.52612727131994,1.546207761755227,6/6,gazp
безубыток после +3.0 ATR,проверка,286,56.97383900241796,0.19920922728118168,1.8933323636804449,1.40127241339134,41.95804195804196,-18.81125780854854,3.0287097004500634,6/6,gold
безубыток после +3.0 ATR,проверка,227,67.74229928243622,0.29842422591381595,1.3856178477427115,1.2936952110379814,44.052863436123346,-30.93952206848969,2.189506972101171,5/6,lkoh
безубыток после +3.0 ATR,проверка,239,17.64798939859737,0.07384095982676725,0.3979015926026836,1.0786167563787592,39.33054393305439,-26.11624534101175,0.6757475727524959,2/6,moex
безубыток после +3.0 ATR,проверка,212,74.27598839537137,0.3503584358272234,1.226758266883315,1.3552605657973527,36.32075471698113,-33.18722502864658,2.238089756864509,2/6,mtss
безубыток после +3.0 ATR,проверка,234,154.37610563813664,0.6597269471715241,2.6559806915157544,1.8859626975339532,39.743589743589745,-29.881552143991428,5.166267966745447,4/6,sber
безубыток после +3.0 ATR,проверка,272,130.15152933354548,0.4784982696086231,2.142047102636266,1.5241246871150387,37.86764705882353,-23.17532664111677,5.615952316401689,5/6,silver
безубыток после +3.0 ATR,всё,3627,124.67790428255768,0.03437493914600432,3.9037227667776393,1.2611371311544777,38.65453542872898,-14.36595341468233,8.678707265967745,10/12,
безубыток после +3.0 ATR,всё,444,193.671589020515,0.4361972725687275,1.2480910497316982,1.203724370919988,36.486486486486484,-71.08596221108692,2.7244702469583935,6/7,eth
безубыток после +3.0 ATR,всё,431,179.76698282563518,0.4170927675768798,1.5185520527429563,1.3773266832704643,41.53132250580047,-89.52612727131995,2.0079834603012503,10/12,gazp
безубыток после +3.0 ATR,всё,612,21.79579998647162,0.03561405226547651,0.5224259013944503,1.0654850364174333,37.254901960784316,-58.37669009470273,0.3733647788374599,7/12,gold
безубыток после +3.0 ATR,всё,368,125.74484316659138,0.34169794338747655,2.0137148886204668,1.3447273855061783,44.29347826086957,-30.939522068489723,4.064214142941009,7/11,lkoh
безубыток после +3.0 ATR,всё,416,-8.76056639540144,-0.021059053835099616,-0.13929701927155583,0.9803644455428772,37.5,-67.59953528174282,-0.12959506835200804,3/12,moex
безубыток после +3.0 ATR,всё,363,-12.179159228021646,-0.033551402832015555,-0.17159550602296442,0.9710947306100407,33.88429752066116,-113.58727532956402,-0.10722291905219868,5/12,mtss
безубыток после +3.0 ATR,всё,435,275.41668131891174,0.6331417961354293,3.5114991633862878,1.7547724444746273,41.37931034482759,-29.881552143992053,9.216946964191974,10/12,sber
безубыток после +3.0 ATR,всё,558,221.96706356575956,0.397790436497777,2.786680328323023,1.4799784744849451,37.81362007168459,-33.79209525197934,6.568609075897951,9/12,silver
безубыток после +4.0 ATR,выбор,1496,32.10682176418558,0.021461779254134748,1.8825592222639478,1.1599587782833953,41.711229946524064,-11.3323902365053,2.8331906238773095,3/6,
безубыток после +4.0 ATR,выбор,64,59.52701052841242,0.930109539506444,0.8802510587161831,1.3679998313646937,39.0625,-30.373053645188424,1.9598625552700213,1/1,eth
безубыток после +4.0 ATR,выбор,189,41.6248007010268,0.22023704074617353,0.8530386050218904,1.1929447481830717,42.32804232804233,-45.68776216374195,0.9110711212303688,4/6,gazp
безубыток после +4.0 ATR,выбор,311,-21.17818650417201,-0.06809706271437946,-0.7198785529849057,0.8915662821412377,40.19292604501607,-45.424954610703175,-0.4662236139952452,2/6,gold
безубыток после +4.0 ATR,выбор,138,72.38784139464745,0.5245495753235323,1.8056195975091085,1.5374130726417978,49.275362318840585,-31.18939735882706,2.3209118330130423,2/5,lkoh
безубыток после +4.0 ATR,выбор,170,5.802628975334763,0.03413311161961625,0.12773356090987292,1.0261365650799485,41.76470588235294,-63.236112152804765,0.091761317667873,2/6,moex
безубыток после +4.0 ATR,выбор,150,-96.1449164062968,-0.640966109375312,-2.642628096271298,0.572063845309558,33.33333333333333,-110.31006854070053,-0.871587858463008,2/6,mtss
безубыток после +4.0 ATR,выбор,195,108.21547634996952,0.5549511607690745,1.9673306525537828,1.48128575325845,47.179487179487175,-22.999897029929194,4.7050417751501845,5/6,sber
безубыток после +4.0 ATR,выбор,279,86.61991907456255,0.31046565976545715,1.6672300610547306,1.3820471876716511,40.50179211469534,-35.95375974066035,2.4092033684200067,4/6,silver
безубыток после +4.0 ATR,проверка,2011,90.81027085409684,0.04515677317458819,3.321799373632488,1.2890237547235377,43.70959721531577,-11.50449265827687,7.89346158509334,6/6,
безубыток после +4.0 ATR,проверка,358,80.87717742181192,0.22591390341288245,0.5751356943592602,1.089653741397254,41.06145251396648,-74.55513477302071,1.0847968777474328,5/6,eth
безубыток после +4.0 ATR,проверка,229,142.47307345855887,0.6221531592076807,1.3127330206635643,1.4973101165771416,48.03493449781659,-92.69675930477962,1.5369800899955808,6/6,gazp
безубыток после +4.0 ATR,проверка,274,60.90099226203075,0.22226639511690055,1.9301736433945151,1.4155007389986933,44.16058394160584,-19.345992790385942,3.147990021597429,5/6,gold
безубыток после +4.0 ATR,проверка,226,60.88231386504694,0.269390769314367,1.2304239762335203,1.2470613480440973,46.017699115044245,-30.467047568298444,1.998300417149582,5/6,lkoh
безубыток после +4.0 ATR,проверка,234,13.044134340609471,0.055744163848758424,0.2851703706578616,1.0529108017487538,42.73504273504273,-27.695740636276355,0.47097979837101883,3/6,moex
безубыток после +4.0 ATR,проверка,204,79.12179839389188,0.3878519529112347,1.3632227847246845,1.3661523194854543,40.68627450980392,-23.107975449236974,3.424003914479859,3/6,mtss
безубыток после +4.0 ATR,проверка,229,152.42541280832862,0.6656131563682472,2.5973773980049844,1.8145072341251705,43.23144104803494,-38.6327283266113,3.9454995650238285,4/6,sber
безубыток после +4.0 ATR,проверка,257,136.75726428249618,0.5321294330058217,2.1620260455610656,1.4845733094428548,44.74708171206226,-24.241676054957104,5.6414112610225695,5/6,silver
безубыток после +4.0 ATR,всё,3507,122.91709261828242,0.03504907117715495,3.81437914988341,1.2387129421797747,42.857142857142854,-11.504492658276874,10.684268856467137,9/12,
безубыток после +4.0 ATR,всё,422,140.4041879502244,0.33271134585361234,0.9005869494659898,1.1319756615637755,40.758293838862556,-74.55513477302068,1.883226264397185,6/7,eth
безубыток после +4.0 ATR,всё,418,184.09787415958573,0.4404255362669515,1.547823004278537,1.3665669557803923,45.45454545454545,-92.69675930477962,1.986022764337278,10/12,gazp
безубыток после +4.0 ATR,всё,585,39.72280575785874,0.0679022320647158,0.9185650017798461,1.116188474248799,42.05128205128205,-45.424954610703175,0.8744710060425491,7/12,gold
безубыток после +4.0 ATR,всё,364,133.27015525969438,0.3661268001639955,2.094189533574847,1.3496777908228907,47.25274725274725,-31.18939735882706,4.272931398014876,7/11,lkoh
безубыток после +4.0 ATR,всё,404,18.846763315944234,0.046650404247386715,0.29272848798122447,1.040224228402779,42.32673267326732,-63.236112152804765,0.2980379829550971,5/12,moex
безубыток после +4.0 ATR,всё,354,-17.02311801240492,-0.04808790398984441,-0.2464278343325586,0.9613778954999097,37.570621468926554,-122.15083680439477,-0.13936145226466806,5/12,mtss
безубыток после +4.0 ATR,всё,424,260.64088915829814,0.6147190782035333,3.2439756681071628,1.6326468315104592,45.04716981132076,-38.63272832661181,6.746634277412864,9/12,sber
безубыток после +4.0 ATR,всё,536,223.37718335705875,0.4167484764124231,2.730174041373759,1.4389000394943998,42.53731343283582,-35.95375974066035,6.212901932045788,9/12,silver
безубыток после +6.0 ATR,выбор,1469,37.7024558985947,0.02566538863076562,2.169651273888277,1.181704102176636,44.65622872702519,-10.816710838140699,3.485574909301674,4/6,
безубыток после +6.0 ATR,выбор,63,65.26844530654998,1.036007068357936,0.9221936696757648,1.3799588113245853,39.682539682539684,-30.373053645188424,2.148893096789086,1/1,eth
безубыток после +6.0 ATR,выбор,188,39.929280982496564,0.2123897924600881,0.8172391432900172,1.1800704699562636,44.148936170212764,-45.128642778415674,0.8847879866131076,4/6,gazp
безубыток после +6.0 ATR,выбор,301,-8.950653472196578,-0.029736390273078332,-0.2989525152372308,0.9542835683430267,42.524916943521596,-32.83776887743389,-0.27257191271443126,2/6,gold
безубыток после +6.0 ATR,выбор,137,64.48069921534028,0.47066203806817725,1.5959208375903422,1.4437008532158688,51.09489051094891,-34.88243524561412,1.8485148402432037,2/5,lkoh
безубыток после +6.0 ATR,выбор,169,6.428298288934787,0.038037267981862646,0.1413437843259028,1.0281659683544893,44.37869822485207,-66.27478449814765,0.09699463133093182,3/6,moex
безубыток после +6.0 ATR,выбор,146,-65.1095685815138,-0.44595594918845066,-1.671459249781736,0.7106533878588324,40.41095890410959,-97.6964536868101,-0.6664476152864101,4/6,mtss
безубыток после +6.0 ATR,выбор,192,108.74897471118229,0.5664009099540744,1.9751087877232798,1.4592089078478625,51.5625,-24.201636895717535,4.493455346833393,5/6,sber
безубыток после +6.0 ATR,выбор,273,90.82417073796401,0.33268927010243227,1.7288254284635818,1.3860780700037296,42.857142857142854,-35.57968093492955,2.552697729472875,4/6,silver
безубыток после +6.0 ATR,проверка,1969,106.37972814607278,0.05402728702187546,3.981709321186687,1.3333770315807223,46.67343829355002,-9.841829449191323,10.808938388463307,6/6,
безубыток после +6.0 ATR,проверка,351,81.46616305576376,0.2320973306432016,0.5709148631512234,1.0870028939362502,43.01994301994302,-79.41968054859912,1.0257679518858345,5/6,eth
безубыток после +6.0 ATR,проверка,223,220.84902571809891,0.990354375417484,2.4451535050821502,1.8669238733357052,51.569506726457405,-30.016709017345057,7.357536283890483,6/6,gazp
безубыток после +6.0 ATR,проверка,270,56.603421219367306,0.2096423008124715,1.760042622060166,1.3609379115536933,46.2962962962963,-23.002007490695448,2.460803529529498,4/6,gold
безубыток после +6.0 ATR,проверка,222,66.37054356341872,0.29896641244783206,1.3364813208107413,1.2654178352305658,49.0990990990991,-29.506193663233127,2.2493766671816187,5/6,lkoh
безубыток после +6.0 ATR,проверка,231,47.42863766657552,0.2053187777773832,0.8894679750074294,1.1872542290071715,46.320346320346324,-25.918686933884672,1.8299012518481372,4/6,moex
безубыток после +6.0 ATR,проверка,197,82.77800277524092,0.4201929074885326,1.4128366759336377,1.3718474126899487,45.17766497461929,-21.647945116163783,3.823827265407903,3/6,mtss
безубыток после +6.0 ATR,проверка,227,143.74925687063813,0.6332566381966438,2.4470650689044584,1.7223500370782878,44.93392070484582,-41.37591767340473,3.4742252245691243,4/6,sber
безубыток после +6.0 ATR,проверка,248,151.79277429947882,0.6120676383043501,2.4140253388868285,1.5423425779502715,48.79032258064516,-25.497060148396272,5.953344166583314,5/6,silver
безубыток после +6.0 ATR,всё,3438,144.08218404466746,0.04190872136261415,4.519871662602501,1.2736130517744166,45.811518324607334,-10.816710838140699,13.320332419040053,10/12,
безубыток после +6.0 ATR,всё,414,146.7346083623138,0.35443142116500914,0.9219860321477398,1.132415319306685,42.51207729468599,-79.4196805485991,1.8475849732551217,6/7,eth
безубыток после +6.0 ATR,всё,411,260.77830670059546,0.6344970965951228,2.5349016783446676,1.5472870725919634,48.175182481751825,-45.128642778415674,5.778554165278856,10/12,gazp
безубыток после +6.0 ATR,всё,571,47.65276774717072,0.08345493475861772,1.0831782475944793,1.1351431735133228,44.30823117338004,-33.244871686753925,1.4333870257095163,6/12,gold
безубыток после +6.0 ATR,всё,359,130.85124277875897,0.36448814144501107,2.046178951502773,1.3309461375687388,49.86072423398329,-34.88243524561412,3.751207215247718,7/11,lkoh
безубыток после +6.0 ATR,всё,400,53.8569359555103,0.13464233988877575,0.7692164601545188,1.111849158873404,45.5,-66.27478449814765,0.812630872560824,7/12,moex
безубыток после +6.0 ATR,всё,343,17.66843419372715,0.051511469952557294,0.2498733934680059,1.03947057706932,43.14868804664723,-97.6964536868101,0.18085031264663548,7/12,mtss
безубыток после +6.0 ATR,всё,419,252.4982315818204,0.6026210777609079,3.1397659994875826,1.5793631717305618,47.97136038186158,-41.37591767340487,6.102540941203541,9/12,sber
безубыток после +6.0 ATR,всё,521,242.6169450374429,0.46567551830603243,2.961662287065414,1.4709803622320035,45.68138195777352,-35.57968093492955,6.818974725522599,9/12,silver
стоп в +1 ATR после +4 ATR,выбор,1520,34.51043953276866,0.022704236534716222,2.074340149406422,1.171013676480624,57.43421052631579,-10.602737845683919,3.254861153321536,4/6,
стоп в +1 ATR после +4 ATR,выбор,65,47.187641667297896,0.7259637179584292,0.7258480060917053,1.2831390089182197,56.92307692307692,-33.37748050875915,1.4137568488704408,1/1,eth
стоп в +1 ATR после +4 ATR,выбор,190,61.91304310485634,0.32585812160450706,1.2874203848035009,1.303382675952798,54.21052631578947,-30.794090105457876,2.0105495207953235,4/6,gazp
стоп в +1 ATR после +4 ATR,выбор,317,-21.51210341754203,-0.06786152497647328,-0.7436000574397083,0.8913179533222744,54.889589905362776,-46.086645190073654,-0.46677520849739357,2/6,gold
стоп в +1 ATR после +4 ATR,выбор,141,72.88252617424592,0.5168973487535172,1.8814703596250397,1.5368259764643766,63.829787234042556,-28.839658992788863,2.5271632439367484,2/5,lkoh
стоп в +1 ATR после +4 ATR,выбор,176,-3.1723501731569996,-0.018024716892937498,-0.06991268338428046,0.9863814873305605,56.25,-62.635335785639086,-0.050647931129705066,1/6,moex
стоп в +1 ATR после +4 ATR,выбор,150,-78.18415134178454,-0.521227675611897,-2.1256231741814413,0.6481870685038165,50.66666666666667,-92.66513370670984,-0.8437278209649124,3/6,mtss
стоп в +1 ATR после +4 ATR,выбор,199,110.99577498415277,0.5577677134882049,2.068392595652464,1.4889147380474153,62.311557788944725,-22.046272004296405,5.0346732074484875,5/6,sber
стоп в +1 ATR после +4 ATR,выбор,282,85.9731352640799,0.3048692739860989,1.7206413004058043,1.377477458932571,60.28368794326241,-33.960407451639895,2.531569604590489,4/6,silver
стоп в +1 ATR после +4 ATR,проверка,2056,94.74837587218725,0.04608384040476034,3.4903316002581453,1.295289158381211,60.019455252918284,-11.49449265827687,8.242936742750585,6/6,
стоп в +1 ATR после +4 ATR,проверка,367,111.12566383346956,0.30279472434187893,0.7950580513584113,1.120166269498737,56.94822888283378,-70.55008282725574,1.5751315856788504,5/6,eth
стоп в +1 ATR после +4 ATR,проверка,232,155.0049822337172,0.6681249234211948,1.4308361042057771,1.5311136631697015,66.37931034482759,-86.55837164986377,1.7907566799052779,6/6,gazp
стоп в +1 ATR после +4 ATR,проверка,286,55.262364673316206,0.19322505130530143,1.827829755165391,1.3715784839874903,64.33566433566433,-20.355286251387977,2.714890077733395,5/6,gold
стоп в +1 ATR после +4 ATR,проверка,229,60.79845569994247,0.26549543973774004,1.2460001143166868,1.2447284511212873,58.951965065502186,-31.532973826721314,1.9280914015290667,5/6,lkoh
стоп в +1 ATR после +4 ATR,проверка,237,35.71857349676358,0.15071128057706154,0.780671894805851,1.1456546573307682,59.49367088607595,-22.53549963024711,1.5849914172225485,3/6,moex
стоп в +1 ATR после +4 ATR,проверка,208,59.006914015391175,0.28368708661245756,1.0425433159451463,1.2701287597889481,52.88461538461539,-30.404835059281822,1.940708242631228,3/6,mtss
стоп в +1 ATR после +4 ATR,проверка,233,162.0334847650515,0.6954226813950708,2.7696177025674875,1.8507166392546748,60.51502145922747,-35.26822708278402,4.594318971144064,4/6,sber
стоп в +1 ATR после +4 ATR,проверка,264,119.03656825984632,0.4508960918933573,1.8937845371240787,1.3980808089951267,60.60606060606061,-24.469675768843985,4.864656539969754,5/6,silver
стоп в +1 ATR после +4 ATR,всё,3576,129.2588154049559,0.03614620117588252,4.059392155141638,1.2473068555968443,58.92058165548099,-11.494492658276869,11.245282349358861,10/12,
стоп в +1 ATR после +4 ATR,всё,432,158.31330550076743,0.36646598495548016,1.0281676302946685,1.1450519613888777,56.94444444444444,-70.55008282725575,2.2439846865722735,6/7,eth
стоп в +1 ATR после +4 ATR,всё,422,216.9180253385735,0.5140237567264775,1.8312512423651153,1.437401115313585,60.90047393364929,-86.55837164986377,2.506031724072005,10/12,gazp
стоп в +1 ATR после +4 ATR,всё,603,33.75026125577417,0.055970582513721674,0.8048696751224371,1.0973585663296461,59.369817578772796,-46.086645190073654,0.7323219365735792,7/12,gold
стоп в +1 ATR после +4 ATR,всё,370,133.68098187418838,0.36129995101131995,2.147100943156655,1.3479481802037605,60.810810810810814,-31.532973826721353,4.239402937660951,7/11,lkoh
стоп в +1 ATR после +4 ATR,всё,413,32.546223323606576,0.07880441482713457,0.5055354945590006,1.0680638746341617,58.111380145278446,-62.635335785639086,0.5196144143777179,4/12,moex
стоп в +1 ATR после +4 ATR,всё,358,-19.177237326393353,-0.05356770202903171,-0.2827148073216198,0.9564818461622034,51.955307262569825,-105.47303474724953,-0.18182123395186983,6/12,mtss
стоп в +1 ATR после +4 ATR,всё,432,273.0292597492043,0.6320121753453803,3.442622588356459,1.6539750582258197,61.342592592592595,-35.26822708278428,7.741507933141327,9/12,sber
стоп в +1 ATR после +4 ATR,всё,546,205.0097035239262,0.3754756474797183,2.554969839900212,1.3891728601961564,60.43956043956044,-33.960407451639895,6.036726850697034,9/12,silver
