инструмент,вариант,период,сторона,n,нетто,t
silver,импульс 6/4.0 | оба,2015-20,все,127,0.4939725666744756,1.804950619447311
silver,импульс 6/4.0 | оба,2015-20,лонг,66,1.0348244969240894,2.5268056114399644
silver,импульс 6/4.0 | оба,2015-20,шорт,61,-0.0912114890054341,-0.2634222041700504
silver,импульс 6/4.0 | оба,2021-26,все,111,0.7304889652116888,2.3717540504356096
silver,импульс 6/4.0 | оба,2021-26,лонг,60,0.91621549615308,2.0935835432850145
silver,импульс 6/4.0 | оба,2021-26,шорт,51,0.5119871641041697,1.1853095810431702
silver,пробой 72 | по тренду,2015-20,все,318,0.0934203937487721,0.6047395926888134
silver,пробой 72 | по тренду,2015-20,лонг,170,0.2336278270837611,1.0096318881443251
silver,пробой 72 | по тренду,2015-20,шорт,148,-0.06762868508195846,-0.34012885155223577
silver,пробой 72 | по тренду,2021-26,все,308,0.10414312064179183,0.5240564945980399
silver,пробой 72 | по тренду,2021-26,лонг,174,0.27425582874359344,1.0040455632038998
silver,пробой 72 | по тренду,2021-26,шорт,134,-0.11674950032621899,-0.4055973968308312
silver,импульс 3/2.0 | все,2015-20,все,488,0.14584021053489798,1.2015400150229565
silver,импульс 3/2.0 | все,2015-20,лонг,246,0.25597155497929147,1.5615707883139427
silver,импульс 3/2.0 | все,2015-20,шорт,242,0.033888513289770605,0.18896056486136964
silver,импульс 3/2.0 | все,2021-26,все,432,0.19293532955590745,1.1435707912786004
silver,импульс 3/2.0 | все,2021-26,лонг,214,0.4962721237078292,2.0166458185155003
silver,импульс 3/2.0 | все,2021-26,шорт,218,-0.10483565185928181,-0.4560015043062476
silver,импульс 6/3.0 | по тренду,2015-20,все,314,0.21224943507899502,1.4401994755154803
silver,импульс 6/3.0 | по тренду,2015-20,лонг,165,0.4733928839640672,2.1663554731306034
silver,импульс 6/3.0 | по тренду,2015-20,шорт,149,-0.07693626335078305,-0.39927773970682956
silver,импульс 6/3.0 | по тренду,2021-26,все,306,0.3491242233804148,1.8128815719521767
silver,импульс 6/3.0 | по тренду,2021-26,лонг,173,0.36203414339900364,1.4023917847537761
silver,импульс 6/3.0 | по тренду,2021-26,шорт,133,0.33233162064946836,1.1452951567208611
silver,по тренду | все,2015-20,все,500,0.009871002366867571,0.08042294358925788
silver,по тренду | все,2015-20,лонг,250,0.15241801860823842,0.8336673835836288
silver,по тренду | все,2015-20,шорт,250,-0.13267601387450328,-0.8105886541934169
silver,по тренду | все,2021-26,все,448,0.08729115016672542,0.5290104380082494
silver,по тренду | все,2021-26,лонг,226,0.38306404198137767,1.576471434776178
silver,по тренду | все,2021-26,шорт,222,-0.21381098294188455,-0.9646493495618939
silver,КОНТРОЛЬ всегда лонг,2015-20,все,525,0.05532462342579727,0.45736199747820183
silver,КОНТРОЛЬ всегда лонг,2015-20,лонг,525,0.05532462342579727,0.45736199747820183
silver,КОНТРОЛЬ всегда лонг,2015-20,шорт,0,,
silver,КОНТРОЛЬ всегда лонг,2021-26,все,457,0.15513044485223326,0.8849123308421472
silver,КОНТРОЛЬ всегда лонг,2021-26,лонг,457,0.15513044485223326,0.8849123308421472
silver,КОНТРОЛЬ всегда лонг,2021-26,шорт,0,,
silver,КОНТРОЛЬ всегда шорт,2015-20,все,536,-0.13676038337873772,-1.19543827127304
silver,КОНТРОЛЬ всегда шорт,2015-20,лонг,0,,
silver,КОНТРОЛЬ всегда шорт,2015-20,шорт,536,-0.13676038337873772,-1.19543827127304
silver,КОНТРОЛЬ всегда шорт,2021-26,все,486,-0.23243735753974776,-1.5115946242876894
silver,КОНТРОЛЬ всегда шорт,2021-26,лонг,0,,
silver,КОНТРОЛЬ всегда шорт,2021-26,шорт,486,-0.23243735753974776,-1.5115946242876894
silver,КОНТРОЛЬ случайная сторона,2015-20,все,532,-0.007980767496929712,-0.06457144793645254
silver,КОНТРОЛЬ случайная сторона,2015-20,лонг,274,0.0713997252332472,0.4329848163331447
silver,КОНТРОЛЬ случайная сторона,2015-20,шорт,258,-0.09228408148169127,-0.49791174630930474
silver,КОНТРОЛЬ случайная сторона,2021-26,все,477,0.21888790079665904,1.36305232002501
silver,КОНТРОЛЬ случайная сторона,2021-26,лонг,239,0.5311066724883601,2.2691827279851036
silver,КОНТРОЛЬ случайная сторона,2021-26,шорт,238,-0.09464271447357855,-0.4331819770808703
gold,импульс 6/4.0 | оба,2015-20,все,139,0.04435131142760511,0.340260239156553
gold,импульс 6/4.0 | оба,2015-20,лонг,77,0.14979159504932973,0.7715671351299643
gold,импульс 6/4.0 | оба,2015-20,шорт,62,-0.08659871823163356,-0.5236891861732265
gold,импульс 6/4.0 | оба,2021-26,все,123,0.021999868571444408,0.14716269200351234
gold,импульс 6/4.0 | оба,2021-26,лонг,70,0.1679962005721176,0.8202343704288809
gold,импульс 6/4.0 | оба,2021-26,шорт,53,-0.17082547558038802,-0.7887213098004003
gold,пробой 72 | по тренду,2015-20,все,344,0.020309604484686928,0.2703354370909536
gold,пробой 72 | по тренду,2015-20,лонг,185,0.09114089251462612,0.8957374932123522
gold,пробой 72 | по тренду,2015-20,шорт,159,-0.062104158317443564,-0.5576884710957516
gold,пробой 72 | по тренду,2021-26,все,305,0.03632687406189439,0.41900459373797705
gold,пробой 72 | по тренду,2021-26,лонг,180,0.18014705811455864,1.5720595161921072
gold,пробой 72 | по тренду,2021-26,шорт,125,-0.17077419097394222,-1.3066801751417925
gold,импульс 3/2.0 | все,2015-20,все,514,0.018872764331605896,0.31474621637023353
gold,импульс 3/2.0 | все,2015-20,лонг,253,0.09011281497432293,1.0522893024896343
gold,импульс 3/2.0 | все,2015-20,шорт,261,-0.05018368322627695,-0.5979532593955785
gold,импульс 3/2.0 | все,2021-26,все,443,0.03043204824572087,0.37040246632677454
gold,импульс 3/2.0 | все,2021-26,лонг,230,0.19879238325582144,1.684809785286371
gold,импульс 3/2.0 | все,2021-26,шорт,213,-0.15136549660086662,-1.3414940371819148
gold,импульс 6/3.0 | по тренду,2015-20,все,361,-0.03548795871569016,-0.5069025841308347
gold,импульс 6/3.0 | по тренду,2015-20,лонг,181,0.10498693144475335,0.9976662142486903
gold,импульс 6/3.0 | по тренду,2015-20,шорт,180,-0.17674326493258058,-1.9342349548771398
gold,импульс 6/3.0 | по тренду,2021-26,все,337,0.13645359720160447,1.6860969396185623
gold,импульс 6/3.0 | по тренду,2021-26,лонг,178,0.3811507770522753,3.1494990244017163
gold,импульс 6/3.0 | по тренду,2021-26,шорт,159,-0.1374841261532345,-1.3577361603716118
gold,по тренду | все,2015-20,все,508,0.00012049976476224703,0.0019222542673803368
gold,по тренду | все,2015-20,лонг,263,0.07823740273931833,0.8385346109551491
gold,по тренду | все,2015-20,шорт,245,-0.08373560424465923,-1.0124413824448932
gold,по тренду | все,2021-26,все,466,-0.08968177022766917,-1.1698479203415757
gold,по тренду | все,2021-26,лонг,244,0.11131332042713678,1.0054952870015663
gold,по тренду | все,2021-26,шорт,222,-0.31059529328970814,-2.9993383869477377
gold,КОНТРОЛЬ всегда лонг,2015-20,все,518,0.05102675314233655,0.8391250680863771
gold,КОНТРОЛЬ всегда лонг,2015-20,лонг,518,0.05102675314233655,0.8391250680863771
gold,КОНТРОЛЬ всегда лонг,2015-20,шорт,0,,
gold,КОНТРОЛЬ всегда лонг,2021-26,все,467,0.16135745467285065,1.8356223663401443
gold,КОНТРОЛЬ всегда лонг,2021-26,лонг,467,0.16135745467285065,1.8356223663401443
gold,КОНТРОЛЬ всегда лонг,2021-26,шорт,0,,
gold,КОНТРОЛЬ всегда шорт,2015-20,все,548,-0.138781168035254,-2.305855477861255
gold,КОНТРОЛЬ всегда шорт,2015-20,лонг,0,,
gold,КОНТРОЛЬ всегда шорт,2015-20,шорт,548,-0.138781168035254,-2.305855477861255
gold,КОНТРОЛЬ всегда шорт,2021-26,все,519,-0.18904549596652676,-2.6702149921906444
gold,КОНТРОЛЬ всегда шорт,2021-26,лонг,0,,
gold,КОНТРОЛЬ всегда шорт,2021-26,шорт,519,-0.18904549596652676,-2.6702149921906444
gold,КОНТРОЛЬ случайная сторона,2015-20,все,525,0.10323918782472412,1.6225825926947528
gold,КОНТРОЛЬ случайная сторона,2015-20,лонг,260,0.2069064448387313,2.192769483404683
gold,КОНТРОЛЬ случайная сторона,2015-20,шорт,265,0.0015279167921133535,0.01792001499837322
gold,КОНТРОЛЬ случайная сторона,2021-26,все,484,0.08172530415877537,1.0208668372450322
gold,КОНТРОЛЬ случайная сторона,2021-26,лонг,235,0.2639838505028784,2.2203141321988222
gold,КОНТРОЛЬ случайная сторона,2021-26,шорт,249,-0.09028577371618134,-0.8445798971440599
lkoh,импульс 6/4.0 | оба,2015-20,все,49,0.773031381282631,1.758428670374177
lkoh,импульс 6/4.0 | оба,2015-20,лонг,26,0.5751294980240702,1.0604495231649091
lkoh,импульс 6/4.0 | оба,2015-20,шорт,23,0.9967465536618737,1.3873329489671347
lkoh,импульс 6/4.0 | оба,2021-26,все,94,0.09404048902677567,0.27759953541573096
lkoh,импульс 6/4.0 | оба,2021-26,лонг,46,0.2270482132534485,0.489258601014909
lkoh,импульс 6/4.0 | оба,2021-26,шорт,48,-0.03342524669045251,-0.06733861406212235
lkoh,пробой 72 | по тренду,2015-20,все,159,0.23096389250326632,1.0828913659130186
lkoh,пробой 72 | по тренду,2015-20,лонг,93,0.30042495940631403,1.0856337973998484
lkoh,пробой 72 | по тренду,2015-20,шорт,66,0.13308693459442636,0.3951962783152161
lkoh,пробой 72 | по тренду,2021-26,все,251,0.12372123347089935,0.7455835612281574
lkoh,пробой 72 | по тренду,2021-26,лонг,136,0.11956153858867578,0.5189642719055139
lkoh,пробой 72 | по тренду,2021-26,шорт,115,0.12864052480987678,0.5366331280809729
lkoh,импульс 3/2.0 | все,2015-20,все,257,0.21811233137188718,1.0992482639953418
lkoh,импульс 3/2.0 | все,2015-20,лонг,137,0.36965770392744585,1.5204996106563515
lkoh,импульс 3/2.0 | все,2015-20,шорт,120,0.04509803103762421,0.13997780871844193
lkoh,импульс 3/2.0 | все,2021-26,все,391,0.22049526967715483,1.1467986123221172
lkoh,импульс 3/2.0 | все,2021-26,лонг,193,0.2626364781994933,1.0888107333136308
lkoh,импульс 3/2.0 | все,2021-26,шорт,198,0.17941823308719856,0.6006381937886153
lkoh,импульс 6/3.0 | по тренду,2015-20,все,177,0.41711334767560265,1.9359849622350183
lkoh,импульс 6/3.0 | по тренду,2015-20,лонг,93,0.5393871988342628,1.8656516435645794
lkoh,импульс 6/3.0 | по тренду,2015-20,шорт,84,0.2817387267499433,0.8719035176825639
lkoh,импульс 6/3.0 | по тренду,2021-26,все,264,0.10883667853006694,0.6260142138769901
lkoh,импульс 6/3.0 | по тренду,2021-26,лонг,128,0.1813017094685951,0.659913917757494
lkoh,импульс 6/3.0 | по тренду,2021-26,шорт,136,0.04063429647027581,0.1866293464588668
lkoh,по тренду | все,2015-20,все,307,0.0030139076463067504,0.01906947180095992
lkoh,по тренду | все,2015-20,лонг,158,0.25219984493025555,1.154400943219916
lkoh,по тренду | все,2015-20,шорт,149,-0.26122352920512887,-1.147669466043743
lkoh,по тренду | все,2021-26,все,438,0.048079354386021754,0.3403452048405703
lkoh,по тренду | все,2021-26,лонг,216,0.10241999467738715,0.5250542209291752
lkoh,по тренду | все,2021-26,шорт,222,-0.004792619951523008,-0.023437933388239397
lkoh,КОНТРОЛЬ всегда лонг,2015-20,все,332,0.23997505488763118,1.5135105284285628
lkoh,КОНТРОЛЬ всегда лонг,2015-20,лонг,332,0.23997505488763118,1.5135105284285628
lkoh,КОНТРОЛЬ всегда лонг,2015-20,шорт,0,,
lkoh,КОНТРОЛЬ всегда лонг,2021-26,все,482,0.06871480293273688,0.3767397856435159
lkoh,КОНТРОЛЬ всегда лонг,2021-26,лонг,482,0.06871480293273688,0.3767397856435159
lkoh,КОНТРОЛЬ всегда лонг,2021-26,шорт,0,,
lkoh,КОНТРОЛЬ всегда шорт,2015-20,все,335,-0.2211751157975994,-1.502984559593416
lkoh,КОНТРОЛЬ всегда шорт,2015-20,лонг,0,,
lkoh,КОНТРОЛЬ всегда шорт,2015-20,шорт,335,-0.2211751157975994,-1.502984559593416
lkoh,КОНТРОЛЬ всегда шорт,2021-26,все,488,-0.005808213092179063,-0.03802474606386938
lkoh,КОНТРОЛЬ всегда шорт,2021-26,лонг,0,,
lkoh,КОНТРОЛЬ всегда шорт,2021-26,шорт,488,-0.005808213092179063,-0.03802474606386938
lkoh,КОНТРОЛЬ случайная сторона,2015-20,все,327,-0.01723126671082993,-0.10864334202980334
lkoh,КОНТРОЛЬ случайная сторона,2015-20,лонг,158,0.1966213060817472,0.7868011904637442
lkoh,КОНТРОЛЬ случайная сторона,2015-20,шорт,169,-0.2171644412743044,-1.0941364193440788
lkoh,КОНТРОЛЬ случайная сторона,2021-26,все,480,-0.05913920583022218,-0.29088869095968295
lkoh,КОНТРОЛЬ случайная сторона,2021-26,лонг,227,0.04724708905117811,0.21276097208468708
lkoh,КОНТРОЛЬ случайная сторона,2021-26,шорт,253,-0.15459252179100416,-0.46760409184005763
