инструмент,шаг,период,сторона,сделок,нетто,t,winrate,итог_%
silver,60min,выбор,все,321,0.1794888832568002,1.2423452331610794,43.925233644859816,57.61593152543287
silver,60min,выбор,лонг,172,0.4029578171236932,1.9002578568718569,46.51162790697674,69.30874454527523
silver,60min,выбор,шорт,149,-0.07847525516672718,-0.41123630139579054,40.939597315436245,-11.69281301984235
silver,60min,проверка,все,308,0.2619161004010028,1.350026664068716,48.05194805194805,80.67015892350886
silver,60min,проверка,лонг,166,0.453511827732729,1.6650770918078888,48.19277108433735,75.28296340363302
silver,60min,проверка,шорт,142,0.03793799661884408,0.137968481633974,47.88732394366197,5.38719551987586
silver,30min,выбор,все,364,0.04172960736427912,0.32915528789804527,43.956043956043956,15.189577080597601
silver,30min,выбор,лонг,195,0.18033649784047276,1.006604317121362,46.15384615384615,35.16561707889219
silver,30min,выбор,шорт,169,-0.11820142010825188,-0.6633603807912888,41.42011834319527,-19.976039998294567
silver,30min,проверка,все,336,0.1766060610272893,0.9743683726825133,45.535714285714285,59.3396365051692
silver,30min,проверка,лонг,184,0.29785981496358316,1.217210782193479,45.108695652173914,54.806205953299305
silver,30min,проверка,шорт,152,0.029825200999144163,0.1103866039174629,46.05263157894737,4.5334305518699125
silver,15min,выбор,все,390,0.06041615258234129,0.4996763894439168,44.61538461538462,23.562299507113103
silver,15min,выбор,лонг,205,0.2335571219771104,1.3241997725928352,46.82926829268293,47.879210005307634
silver,15min,выбор,шорт,185,-0.13144275944970016,-0.8065838216541504,42.16216216216216,-24.31691049819453
silver,15min,проверка,все,367,-0.008049545948257204,-0.047245450949423194,44.4141689373297,-2.9541833630103937
silver,15min,проверка,лонг,199,0.12326201686103991,0.5406866339631442,44.221105527638194,24.52914135534694
silver,15min,проверка,шорт,168,-0.16359121856165082,-0.6381290037387531,44.642857142857146,-27.483324718357338
gold,60min,выбор,все,369,-0.05540048657135281,-0.7976315101443963,42.54742547425474,-20.442779544829186
gold,60min,выбор,лонг,182,0.10779960181421831,1.0307275625775816,48.9010989010989,19.61952753018773
gold,60min,выбор,шорт,187,-0.21423693623003703,-2.3659374118657244,36.36363636363637,-40.062307075016925
gold,60min,проверка,все,339,0.1608365422748917,2.0709761972434633,51.03244837758112,54.52358783118828
gold,60min,проверка,лонг,182,0.38822905037410754,3.46007160117228,56.59340659340659,70.65768716808758
gold,60min,проверка,шорт,157,-0.1027649639292949,-1.0050649421647642,44.5859872611465,-16.1340993368993
gold,30min,выбор,все,392,-0.02701641622791479,-0.41584617187993467,42.857142857142854,-10.590435161342597
gold,30min,выбор,лонг,195,0.10730836953460837,1.1230144474480588,48.717948717948715,20.925132059248632
gold,30min,выбор,шорт,197,-0.15997749858168142,-1.8317538021372748,37.055837563451774,-31.51556722059124
gold,30min,проверка,все,368,0.14916625970693012,1.9997458861044362,51.08695652173913,54.893183572150285
gold,30min,проверка,лонг,191,0.39976084762629027,3.60119391882567,58.1151832460733,76.35432189662144
gold,30min,проверка,шорт,177,-0.12124936906480879,-1.2804543683293563,43.50282485875706,-21.461138324471158
gold,15min,выбор,все,419,0.03210183535490574,0.5091280859175494,45.10739856801909,13.450669013705504
gold,15min,выбор,лонг,207,0.155794753977983,1.6390752320731972,50.24154589371981,32.249514073442484
gold,15min,выбор,шорт,212,-0.0886737974515895,-1.074251704612295,40.09433962264151,-18.798845059736973
gold,15min,проверка,все,387,0.11647952250941768,1.6589762120817584,50.64599483204134,45.07757521114464
gold,15min,проверка,лонг,204,0.3274967223267112,3.289579306557575,58.333333333333336,66.80933135464907
gold,15min,проверка,шорт,183,-0.11875276581149971,-1.2374143129277888,42.07650273224044,-21.731756143504448
lkoh,60min,выбор,все,147,0.42281922104962993,1.8265208712979215,51.70068027210885,62.1544254942956
lkoh,60min,выбор,лонг,76,0.3955705562217279,1.3466105840240494,51.31578947368421,30.063362272851318
lkoh,60min,выбор,шорт,71,0.451986805935835,1.2420924105134774,52.112676056338024,32.09106322144429
lkoh,60min,проверка,все,253,0.09838225648085838,0.5381876297079538,48.616600790513836,24.89071088965717
lkoh,60min,проверка,лонг,120,-0.04333219886684304,-0.15670101419033416,46.666666666666664,-5.1998638640211645
lkoh,60min,проверка,шорт,133,0.22624492295998738,0.9322544899901101,50.37593984962406,30.09057475367832
lkoh,30min,выбор,все,161,0.44745130562408786,2.0218835529150176,54.037267080745345,72.03966020547814
lkoh,30min,выбор,лонг,84,0.5370233137312266,1.9792756614893137,57.14285714285714,45.10995835342303
lkoh,30min,выбор,шорт,77,0.3497363876890275,0.9789210926826187,50.649350649350644,26.929701852055114
lkoh,30min,проверка,все,286,0.09897906503416047,0.5751637442805823,46.50349650349651,28.308012599769896
lkoh,30min,проверка,лонг,135,-0.05163547050989564,-0.20307735419750964,44.44444444444444,-6.970788518835912
lkoh,30min,проверка,шорт,151,0.23363444449407833,0.9991151944817211,48.34437086092716,35.27880111860583
lkoh,15min,выбор,все,172,0.4370539329598847,2.058865119235926,52.90697674418605,75.17327646910017
lkoh,15min,выбор,лонг,89,0.5488023806916489,2.0012651947191458,57.30337078651685,48.843411881556754
lkoh,15min,выбор,шорт,83,0.3172272841872702,0.9659155931335173,48.19277108433735,26.329864587543426
lkoh,15min,проверка,все,303,0.10957799676804142,0.6485420666012092,46.864686468646866,33.20213302071655
lkoh,15min,проверка,лонг,142,0.013779881514811467,0.05353537997962558,45.774647887323944,1.9567431751032283
lkoh,15min,проверка,шорт,161,0.19407074438269142,0.8694985291405537,47.82608695652174,31.24538984561332
