паттерн,инструмент,период,сторона,n,превышение,z
импульс 6/4.0 | оба,silver,2015-20,лонг,66,0.9794998734982922,2.2937514075127616
импульс 6/4.0 | оба,silver,2015-20,шорт,61,0.04554889437330362,0.1249059590030234
импульс 6/4.0 | оба,silver,2021-26,лонг,60,0.7610850513008467,1.6143954665352638
импульс 6/4.0 | оба,silver,2021-26,шорт,51,0.7444245216439174,1.6236150153938478
импульс 6/3.0 | по тренду,silver,2015-20,лонг,165,0.41806826053826995,1.673832305547437
импульс 6/3.0 | по тренду,silver,2015-20,шорт,149,0.059824120027954675,0.26696376337419103
импульс 6/3.0 | по тренду,silver,2021-26,лонг,173,0.20690369854677038,0.6630436150875268
импульс 6/3.0 | по тренду,silver,2021-26,шорт,133,0.5647689781892161,1.7197765816330954
импульс 3/2.0 | все,silver,2015-20,лонг,246,0.2006469315534942,0.9849136677008477
импульс 3/2.0 | все,silver,2015-20,шорт,242,0.17064889666850833,0.8022102863702784
импульс 3/2.0 | все,silver,2021-26,лонг,214,0.34114167885559593,1.12906705919017
импульс 3/2.0 | все,silver,2021-26,шорт,218,0.12760170568046594,0.46134486511250106
пробой 72 | по тренду,silver,2015-20,лонг,170,0.17830320365796382,0.6828686716222773
пробой 72 | по тренду,silver,2015-20,шорт,148,0.06913169829677926,0.3013650238257445
пробой 72 | по тренду,silver,2021-26,лонг,174,0.11912538389136018,0.36702897532698425
пробой 72 | по тренду,silver,2021-26,шорт,134,0.11568785721352877,0.3544968406787169
по тренду | все,silver,2015-20,лонг,250,0.09709339518244114,0.4428982322350555
по тренду | все,silver,2015-20,шорт,250,0.004084369504234436,0.020452940985263915
по тренду | все,silver,2021-26,лонг,226,0.2279335971291444,0.7607281019851162
по тренду | все,silver,2021-26,шорт,222,0.018626374597863204,0.06904712443946098
импульс 1/2.5 разв | все,silver,2015-20,лонг,89,-0.4318281278343689,-1.4722557524673838
импульс 1/2.5 разв | все,silver,2015-20,шорт,95,-0.3650037211904853,-1.3544578543316392
импульс 1/2.5 разв | все,silver,2021-26,лонг,75,-0.15833274464319155,-0.3868144496712208
импульс 1/2.5 разв | все,silver,2021-26,шорт,86,0.09510022114154412,0.2811039853560802
растяжение 2.5 | все,silver,2015-20,лонг,184,-0.21495697896137736,-0.9811101341203182
растяжение 2.5 | все,silver,2015-20,шорт,214,-0.2067799298376449,-0.966702307079777
растяжение 2.5 | все,silver,2021-26,лонг,161,0.11555731061346314,0.3471260260098468
растяжение 2.5 | все,silver,2021-26,шорт,193,-0.12041240281319526,-0.4177848651723777
импульс 6/4.0 | оба,gold,2015-20,лонг,77,0.09876484190699318,0.48547363192357734
импульс 6/4.0 | оба,gold,2015-20,шорт,62,0.05218244980362044,0.2965330054123278
импульс 6/4.0 | оба,gold,2021-26,лонг,70,0.00663874589926694,0.029785995351246448
импульс 6/4.0 | оба,gold,2021-26,шорт,53,0.018220020386138736,0.07996041611247996
импульс 6/3.0 | по тренду,gold,2015-20,лонг,181,0.0539601783024168,0.443974978822627
импульс 6/3.0 | по тренду,gold,2015-20,шорт,180,-0.037962096897326575,-0.3469494454796193
импульс 6/3.0 | по тренду,gold,2021-26,лонг,178,0.21979332237942464,1.4694507643470551
импульс 6/3.0 | по тренду,gold,2021-26,шорт,159,0.05156136981329226,0.4173144304730169
импульс 3/2.0 | все,gold,2015-20,лонг,253,0.039086061831986374,0.37214445108153077
импульс 3/2.0 | все,gold,2015-20,шорт,261,0.08859748480897706,0.8578707677196526
импульс 3/2.0 | все,gold,2021-26,лонг,230,0.03743492858297079,0.2544246924839478
импульс 3/2.0 | все,gold,2021-26,шорт,213,0.03767999936566013,0.28287092075314296
пробой 72 | по тренду,gold,2015-20,лонг,185,0.04011413937228957,0.338413364812901
пробой 72 | по тренду,gold,2015-20,шорт,159,0.07667700971781044,0.6057414082342182
пробой 72 | по тренду,gold,2021-26,лонг,180,0.01878960344170799,0.13009941579720055
пробой 72 | по тренду,gold,2021-26,шорт,125,0.01827130499258453,0.12292544362931562
по тренду | все,gold,2015-20,лонг,263,0.027210649596981773,0.24432777042742546
по тренду | все,gold,2015-20,шорт,245,0.055045563790594776,0.538144106158488
по тренду | все,gold,2021-26,лонг,244,-0.05004413424571387,-0.3540195191791854
по тренду | все,gold,2021-26,шорт,222,-0.12154979732318139,-0.9689660389061557
импульс 1/2.5 разв | все,gold,2015-20,лонг,96,0.08421777429889875,0.5760478950582534
импульс 1/2.5 разв | все,gold,2015-20,шорт,105,-0.09538772755654246,-0.6647714802177683
импульс 1/2.5 разв | все,gold,2021-26,лонг,83,-0.03392983159658308,-0.1631850190980781
импульс 1/2.5 разв | все,gold,2021-26,шорт,89,0.32622670360082695,1.50086579295573
растяжение 2.5 | все,gold,2015-20,лонг,196,-0.04797563912746064,-0.41850750751655175
растяжение 2.5 | все,gold,2015-20,шорт,239,-0.03763721635642864,-0.36991896969059485
растяжение 2.5 | все,gold,2021-26,лонг,137,-0.2209811825811895,-1.1140662474402827
растяжение 2.5 | все,gold,2021-26,шорт,247,0.00020375129983787876,0.0016286815687704581
импульс 6/4.0 | оба,lkoh,2015-20,лонг,26,0.33515444313643905,0.5931445876788324
импульс 6/4.0 | оба,lkoh,2015-20,шорт,23,1.2179216694594732,1.6607008361239484
импульс 6/4.0 | оба,lkoh,2021-26,лонг,46,0.15833341032071163,0.3175416281250505
импульс 6/4.0 | оба,lkoh,2021-26,шорт,48,-0.02761703359827345,-0.05317650855008123
импульс 6/3.0 | по тренду,lkoh,2015-20,лонг,93,0.2994121439466316,0.9080308849813638
импульс 6/3.0 | по тренду,lkoh,2015-20,шорт,84,0.5029138425475428,1.416413361114613
импульс 6/3.0 | по тренду,lkoh,2021-26,лонг,128,0.11258690653585823,0.34141261072994106
импульс 6/3.0 | по тренду,lkoh,2021-26,шорт,136,0.046442509562454874,0.1746191183023444
импульс 3/2.0 | все,lkoh,2015-20,лонг,137,0.12968264903981466,0.44679618836086016
импульс 3/2.0 | все,lkoh,2015-20,шорт,120,0.26627314683522363,0.7517668355454596
импульс 3/2.0 | все,lkoh,2021-26,лонг,193,0.19392167526675644,0.6412551216836704
импульс 3/2.0 | все,lkoh,2021-26,шорт,198,0.18522644617937764,0.5520882250836184
пробой 72 | по тренду,lkoh,2015-20,лонг,93,0.060449904518682845,0.18953818462699115
пробой 72 | по тренду,lkoh,2015-20,шорт,66,0.35426205039202574,0.963951975843218
пробой 72 | по тренду,lkoh,2021-26,лонг,136,0.050846735655938904,0.1730396789607647
пробой 72 | по тренду,lkoh,2021-26,шорт,115,0.13444873790205586,0.47299878686515007
по тренду | все,lkoh,2015-20,лонг,158,0.012224790042624362,0.0452869080154459
по тренду | все,lkoh,2015-20,шорт,149,-0.04004841340752946,-0.1477584353171466
по тренду | все,lkoh,2021-26,лонг,216,0.03370519174465027,0.12621111244003533
по тренду | все,lkoh,2021-26,шорт,222,0.0010155931406560558,0.003979059257535795
импульс 1/2.5 разв | все,lkoh,2015-20,лонг,27,-1.3206457148166035,-2.1341069033858577
импульс 1/2.5 разв | все,lkoh,2015-20,шорт,23,0.4775564163321977,0.8540859251541234
импульс 1/2.5 разв | все,lkoh,2021-26,лонг,71,-0.4157016373187874,-0.7912867288778673
импульс 1/2.5 разв | все,lkoh,2021-26,шорт,73,-0.521379888857287,-1.4370596269787093
растяжение 2.5 | все,lkoh,2015-20,лонг,87,-0.3175741080985319,-0.8473033924895128
растяжение 2.5 | все,lkoh,2015-20,шорт,107,-0.12100152369581563,-0.41432188335252307
растяжение 2.5 | все,lkoh,2021-26,лонг,165,0.21972487778182423,0.6297982195276622
растяжение 2.5 | все,lkoh,2021-26,шорт,176,-0.29485741018295925,-1.2761600581042989
