паттерн,инструмент,вариант,сделок,до,нетто,t,лет_в_плюсе
импульс 3/2.0,gold,без модели,611,0.07698555522419483,0.036985555224194805,0.5352975769513038,4/8
импульс 3/2.0,gold,модель 30% (общая),362,0.02762189583994265,-0.012378104160057355,-0.13278197719478568,3/8
импульс 3/2.0,gold,модель 30% (своя),367,-0.03297497051784525,-0.07297497051784524,-0.763951315484855,3/8
импульс 3/2.0,gold,модель 50% (общая),462,-0.04750375751202889,-0.08750375751202892,-1.1001317077423098,1/8
импульс 3/2.0,gold,модель 50% (своя),492,-0.01666042335590205,-0.056660423355902045,-0.7053109705296459,3/8
импульс 3/2.0,lkoh,без модели,508,0.37239633340189854,0.33239633340189845,1.9733807287844143,7/8
импульс 3/2.0,lkoh,модель 30% (общая),357,0.20138225395284318,0.1613822539528432,0.7640704171354715,7/8
импульс 3/2.0,lkoh,модель 30% (своя),367,0.2841472424581439,0.24414724245814387,1.4770594526123753,6/8
импульс 3/2.0,lkoh,модель 50% (общая),440,0.47298269684486793,0.43298269684486795,2.3511353082824993,6/8
импульс 3/2.0,lkoh,модель 50% (своя),427,0.34216428126088794,0.3021642812608881,1.6751021548575367,6/8
импульс 3/2.0,silver,без модели,583,0.33046485338511006,0.2904648533851101,1.9736925462686998,5/8
импульс 3/2.0,silver,модель 30% (общая),322,0.3938279380618171,0.3538279380618171,1.8096073059223865,5/8
импульс 3/2.0,silver,модель 30% (своя),346,0.3306546296580474,0.2906546296580474,1.4376465375326006,5/8
импульс 3/2.0,silver,модель 50% (общая),418,0.4035555561697628,0.36355555616976276,2.1270190252332615,6/8
импульс 3/2.0,silver,модель 50% (своя),444,0.2508002354098194,0.21080023540981938,1.1887047973582487,4/8
импульс 6/3.0,gold,без модели,542,0.1605571597408122,0.12055715974081217,1.7287951328370004,5/8
импульс 6/3.0,gold,модель 30% (общая),258,0.07746057936385349,0.03746057936385346,0.3416270082034037,4/8
импульс 6/3.0,gold,модель 30% (своя),267,0.05491417689435765,0.014914176894357636,0.14714034415090566,5/8
импульс 6/3.0,gold,модель 50% (общая),348,0.06336755807214353,0.023367558072143538,0.2522926195453536,4/8
импульс 6/3.0,gold,модель 50% (своя),384,0.12736757992306832,0.08736757992306828,1.0382679259799417,7/8
импульс 6/3.0,lkoh,без модели,428,0.025728458686381916,-0.014271541313618142,-0.09027155225603666,6/8
импульс 6/3.0,lkoh,модель 30% (общая),208,0.29426451385815133,0.2542645138581513,0.9131886348092537,6/8
импульс 6/3.0,lkoh,модель 30% (своя),250,0.10402163828284575,0.06402163828284571,0.380055647997365,3/8
импульс 6/3.0,lkoh,модель 50% (общая),306,0.24596196980930196,0.20596196980930195,1.0423088175316169,5/8
импульс 6/3.0,lkoh,модель 50% (своя),323,0.19527739566453803,0.15527739566453805,0.9216841966890907,5/8
импульс 6/3.0,silver,без модели,489,0.3451293518680273,0.3051293518680273,1.9545672309661581,7/8
импульс 6/3.0,silver,модель 30% (общая),244,0.28079287974296513,0.24079287974296512,0.9347898741902326,6/8
импульс 6/3.0,silver,модель 30% (своя),251,0.5045789397218122,0.46457893972181225,1.8524651535348375,6/8
импульс 6/3.0,silver,модель 50% (общая),327,0.32666440847329753,0.2866644084732975,1.3098215007280138,5/8
импульс 6/3.0,silver,модель 50% (своя),369,0.2600065488642326,0.2200065488642326,1.137303308169027,4/8
по тренду,gold,без модели,637,-0.02529796592466175,-0.06529796592466176,-1.0122395879782176,2/8
по тренду,gold,модель 30% (общая),423,0.02480282229473694,-0.015197177705263082,-0.17806036494603247,4/8
по тренду,gold,модель 30% (своя),538,0.03946136340444174,-0.000538636595558271,-0.00769428856854553,4/8
по тренду,gold,модель 50% (общая),537,0.03513721118374963,-0.0048627888162503935,-0.06622795244620784,4/8
по тренду,gold,модель 50% (своя),595,0.027556035208677696,-0.012443964791322325,-0.18322705789961394,3/8
по тренду,lkoh,без модели,578,0.10403357573547534,0.06403357573547534,0.5196840752559775,4/8
по тренду,lkoh,модель 30% (общая),470,0.15950236469124685,0.11950236469124681,0.9631084902988559,4/8
по тренду,lkoh,модель 30% (своя),406,0.14929240481705755,0.10929240481705751,0.85129842959882,4/8
по тренду,lkoh,модель 50% (общая),520,0.1151249328071355,0.0751249328071355,0.639227409245287,4/8
по тренду,lkoh,модель 50% (своя),462,0.25230998568172386,0.21230998568172385,1.7889733021458762,5/8
по тренду,silver,без модели,610,0.1771138205250772,0.1371138205250772,0.9460448405896612,6/8
по тренду,silver,модель 30% (общая),460,0.1681817307141737,0.12818173071417366,0.7775970323565254,7/8
по тренду,silver,модель 30% (своя),498,0.041640873194469095,0.0016408731944691703,0.00997569443713176,5/8
по тренду,silver,модель 50% (общая),548,0.0760685453117358,0.03606854531173583,0.23553571261824585,6/8
по тренду,silver,модель 50% (своя),564,0.09718873999826315,0.05718873999826312,0.37232196810506707,5/8
пробой 72,gold,без модели,471,0.05372282993794171,0.013722829937941694,0.18695391759879268,4/8
пробой 72,gold,модель 30% (общая),233,0.12050623143359078,0.08050623143359076,0.7141395302664966,5/8
пробой 72,gold,модель 30% (своя),239,0.033823408072210216,-0.006176591927789758,-0.05589314796342136,2/8
пробой 72,gold,модель 50% (общая),314,0.0517421311546394,0.011742131154639386,0.12238985850844736,2/8
пробой 72,gold,модель 50% (своя),350,0.10749167176584434,0.0674916717658443,0.7645635477438856,4/8
пробой 72,lkoh,без модели,365,0.3394085782314294,0.29940857823142936,1.8049891503685076,6/8
пробой 72,lkoh,модель 30% (общая),236,0.3011889870265194,0.2611889870265195,1.1316837301656473,5/8
пробой 72,lkoh,модель 30% (своя),191,0.17692641874281362,0.13692641874281367,0.7385341392209106,4/8
пробой 72,lkoh,модель 50% (общая),310,0.15999975056047755,0.11999975056047757,0.6353867833586883,6/8
пробой 72,lkoh,модель 50% (своя),271,0.20090661539799323,0.16090661539799325,0.9728481880720582,5/8
пробой 72,silver,без модели,462,0.006744078250088162,-0.03325592174991175,-0.19756802194383147,4/8
пробой 72,silver,модель 30% (общая),197,0.39211135649140955,0.3521113564914096,1.1987699014071402,5/8
пробой 72,silver,модель 30% (своя),234,0.12257359716804929,0.08257359716804928,0.31287585607945545,4/8
пробой 72,silver,модель 50% (общая),291,0.10377610692994864,0.06377610692994864,0.28298122094808476,5/8
пробой 72,silver,модель 50% (своя),316,0.17334389202972283,0.1333438920297228,0.6238417981051415,5/8
