инструмент,гейт,исполнение,сделок,итог,стопов
silver,без гейта,по уровню стопа,623,141.80167636904025,177
silver,без гейта,по open при гэпе,623,138.72286729499024,177
silver,гейт C,по уровню стопа,521,242.5485960004982,137
silver,гейт C,по open при гэпе,521,241.02728844721082,137
gold,без гейта,по уровню стопа,644,62.7835371006077,191
gold,без гейта,по open при гэпе,644,58.70205483996082,191
gold,гейт C,по уровню стопа,571,47.619293226442956,170
gold,гейт C,по open при гэпе,571,43.555958399760634,170
lkoh,без гейта,по уровню стопа,411,108.19693072525399,97
lkoh,без гейта,по open при гэпе,411,77.28019111516207,97
lkoh,гейт C,по уровню стопа,359,135.26149705424928,90
lkoh,гейт C,по open при гэпе,359,120.96316192450217,90
gazp,без гейта,по уровню стопа,473,252.54634665003422,121
gazp,без гейта,по open при гэпе,473,241.13314143711503,121
gazp,гейт C,по уровню стопа,411,258.226967252365,91
gazp,гейт C,по open при гэпе,411,244.56740097381055,91
sber,без гейта,по уровню стопа,481,233.6882379756491,108
sber,без гейта,по open при гэпе,481,214.67829455796857,108
sber,гейт C,по уровню стопа,420,250.94134668617278,100
sber,гейт C,по open при гэпе,420,240.34117071274738,100
moex,без гейта,по уровню стопа,470,-64.8549481512586,140
moex,без гейта,по open при гэпе,470,-80.02065551372516,140
moex,гейт C,по уровню стопа,400,54.236093780787314,105
moex,гейт C,по open при гэпе,400,37.010131491985256,105
mtss,без гейта,по уровню стопа,391,7.878139617957636,106
mtss,без гейта,по open при гэпе,391,-7.212797983121405,106
mtss,гейт C,по уровню стопа,342,21.054473968013,95
mtss,гейт C,по open при гэпе,342,9.012888987119624,95
eth,без гейта,по уровню стопа,470,187.90813245509491,144
eth,без гейта,по open при гэпе,470,187.90813245509491,144
eth,гейт C,по уровню стопа,414,146.7346083623138,130
eth,гейт C,по open при гэпе,414,146.7346083623138,130
