инструмент,проскальзывание,итог,на_сделку,t,лет,сделок
silver,0,250.56877043673728,0.543533124591621,3.1278861057034835,9,461
silver,0.05,227.4187519005667,0.49763403041699494,2.8355462430102443,8,457
silver,0.1,181.95749684113912,0.397287111006854,2.2638340864532154,8,458
silver,0.15,141.580378905079,0.3077834324023456,1.7576993241775953,8,460
silver,0.2,76.40247432796642,0.164660505017169,0.949275384727634,8,464
silver,0.3,-8.721935594247793,-0.018716599987656207,-0.10910809977273642,5,466
lkoh,0,145.2148483793344,0.42091260399807073,2.2414534774632515,7,345
lkoh,0.05,113.04578412836705,0.32672191944614754,1.7294032918528954,7,346
lkoh,0.1,74.38848153077107,0.21499561136061004,1.1549242949105767,6,346
lkoh,0.15,45.30465016155649,0.1305609514742262,0.7028698243085821,4,347
lkoh,0.2,24.5726656944615,0.0706111083174181,0.38056479774285706,5,348
lkoh,0.3,-26.345555032282967,-0.07548869636757297,-0.4063373281047597,4,349
gazp,0,216.7433531163535,0.5842138898014919,1.866497981105393,9,371
gazp,0.05,183.52564126527932,0.4907102707627789,1.5775326471552622,9,374
gazp,0.1,114.89781722913386,0.30476874596587233,0.9955482458933582,8,377
gazp,0.15,99.25909241501353,0.26469091310670273,0.8539545220222549,7,375
gazp,0.2,49.87672700769683,0.13229901063049557,0.42849905726096005,7,377
gazp,0.3,-18.223398356542994,-0.04821004856228305,-0.1565618289326752,5,378
sber,0,134.4122111875841,0.35371634523048445,1.89190631357435,8,380
sber,0.05,114.61947671123164,0.30322612886569217,1.6184553825083552,8,378
sber,0.1,69.3256430122325,0.18195706827357613,0.9759379740030819,6,381
sber,0.15,42.566629818691986,0.11143096811175912,0.6021460784801004,6,382
sber,0.2,8.505226468018158,0.022206857618846366,0.11992873686778506,6,383
sber,0.3,-48.180804666868205,-0.12579844560540002,-0.6792136614591078,6,383
