инструмент,период,окно_ч,вперёд_ч,IC,n,крупных,ход_в_сторону_дельты_%,t
lkoh,2024,1,1,-0.007681407135782754,3737,211,0.023589787565606552,0.9080785997475461
lkoh,2024,1,6,0.017535400690517247,3737,211,-0.013407514728617786,-0.42865146609306926
lkoh,2024,1,24,0.01584681930473658,3737,211,-0.10109137823608265,-0.2815528450683423
lkoh,2024,1,48,-0.005602999375636694,3737,211,-0.2776546756948743,-1.5494911538073217
lkoh,2024,3,1,0.01227037413962244,3735,248,0.008267496290276602,0.350026811116165
lkoh,2024,3,6,0.030985291184963994,3735,248,-0.024956975072979184,0.08869374568896927
lkoh,2024,3,24,0.037634409928615664,3735,248,-0.1905287629594301,-0.5436409485690291
lkoh,2024,3,48,-2.257552941105871e-05,3735,248,-0.450046942273545,-1.3192707168963373
lkoh,2024,6,1,0.018788381146048656,3732,249,0.007958170009580087,0.36268109843174684
lkoh,2024,6,6,0.06092206147617968,3732,249,0.04282575781857056,0.9960104627492831
lkoh,2024,6,24,0.04723662294811644,3732,249,-0.189583291234921,-0.18031494289205155
lkoh,2024,6,48,0.003942345549284882,3732,249,-0.5836705278188538,-0.1306980748088225
lkoh,2024,12,1,0.045776301256685394,3726,290,7.868159098103727e-05,0.0040684568534932325
lkoh,2024,12,6,0.0817877965963338,3726,290,-0.03697621296157506,-0.6620713617828655
lkoh,2024,12,24,0.015777667611649334,3726,290,-0.36979183846079344,-1.7679662686557032
lkoh,2024,12,48,-0.025799031972693034,3726,290,-0.6532799205021423,-2.200963425689086
lkoh,2024,24,1,0.024065330220515206,3714,359,-0.009941420867873878,-0.554053883585534
lkoh,2024,24,6,0.02252642672047837,3714,359,-0.07944736589132946,-1.6064762301046491
lkoh,2024,24,24,-0.05705718772581912,3714,359,-0.5522010159927312,-5.630147366894854
lkoh,2024,24,48,-0.055481411028872496,3714,359,-0.7389348725263264,-4.346413201017693
lkoh,2025–26,1,1,-0.03767985312824962,7734,421,0.028476255308326887,1.372052215396648
lkoh,2025–26,1,6,-0.017341733057947357,7729,420,0.06734653610716848,0.1943681745688909
lkoh,2025–26,1,24,0.011457351145184298,7711,419,0.0879685667729697,1.3683399247323904
lkoh,2025–26,1,48,0.014771598185674624,7687,419,0.18959013391330223,-0.5341720780969731
lkoh,2025–26,3,1,-0.015273568004042394,7734,475,0.028090643480065024,1.4446559332622944
lkoh,2025–26,3,6,0.0016831768607080422,7729,475,0.06546611521970024,0.7853325294000819
lkoh,2025–26,3,24,0.014094300356301808,7711,475,0.18283788341149038,1.6184067513788691
lkoh,2025–26,3,48,0.012039951220245938,7687,475,0.3662771121033188,-0.8737290749014875
lkoh,2025–26,6,1,-0.004483643166953429,7734,517,0.03639771736317019,2.0485868339054347
lkoh,2025–26,6,6,0.01940385986305815,7729,517,0.08693043376558464,2.2358663882255785
lkoh,2025–26,6,24,0.01901841745550304,7711,517,0.31191000398465923,1.8116121136645975
lkoh,2025–26,6,48,0.006809656843398575,7687,517,0.47081410427934134,2.021092945703102
lkoh,2025–26,12,1,0.004905714136611479,7734,576,0.022413525445488258,1.4837108941977741
lkoh,2025–26,12,6,0.023743360554202016,7729,576,0.09822421110554029,3.177819830791811
lkoh,2025–26,12,24,0.02619687682138777,7711,576,0.17177166400229135,1.8424106705283814
lkoh,2025–26,12,48,0.01812939936772275,7687,576,0.4136076142803759,2.3554380724003474
lkoh,2025–26,24,1,0.004439402892998803,7734,650,0.02398514442158188,1.721468499105272
lkoh,2025–26,24,6,0.012511565833132702,7729,650,0.04718094315089732,1.4813332129404782
lkoh,2025–26,24,24,0.03132344999648289,7711,650,0.10886594082169779,1.68522139369155
lkoh,2025–26,24,48,0.02282310623373568,7687,650,0.2989482713988212,2.7078171533351347
silver_fut,2024,1,1,-0.06531176494320763,3815,214,-0.03157084684173075,-0.9201262450222066
silver_fut,2024,1,6,-0.013313259343922256,3791,209,-0.01618682203586248,0.20229054418221104
silver_fut,2024,1,24,0.01399096087668654,3737,209,0.1391903212528554,0.7656726862644713
silver_fut,2024,1,48,0.01674791563304356,3647,204,0.27582430339526354,-0.20925086652715247
silver_fut,2024,3,1,-0.023654189028944537,3813,263,0.06634073866280428,2.276616150127585
silver_fut,2024,3,6,-0.013022081630904757,3789,257,0.06209260482002204,0.05775405080501562
silver_fut,2024,3,24,0.02347249763776335,3735,258,0.41297602520981064,0.23644963284757783
silver_fut,2024,3,48,0.022501220244132536,3645,256,0.2962906357662848,0.03481432202403128
silver_fut,2024,6,1,-0.030747607328987715,3810,291,0.0006728331045089981,0.02577483975652848
silver_fut,2024,6,6,-0.03072113861025729,3786,291,0.05911641608865495,1.0570772805669508
silver_fut,2024,6,24,0.02972479178331658,3732,291,0.37483057725271585,1.0865472470698032
silver_fut,2024,6,48,0.022800223209078808,3642,290,0.26217341489967333,1.1990965250937604
silver_fut,2024,12,1,-0.01702500245281568,3804,295,0.021102608590558476,0.8400128533256065
silver_fut,2024,12,6,-0.01187140604647889,3780,295,-0.00753157913897712,-0.11559571816391975
silver_fut,2024,12,24,0.0443613229784077,3726,294,0.09247640841039409,0.5005281547027476
silver_fut,2024,12,48,0.0483273892251648,3636,291,0.08318151583783331,-0.013662362701303382
silver_fut,2024,24,1,0.009902201240310788,3792,242,-0.019837813510561644,-0.7013312180358976
silver_fut,2024,24,6,0.044428204786052146,3768,242,-0.0705109872901908,-1.0120942384760443
silver_fut,2024,24,24,0.04138739336784376,3714,241,-0.11024437535026363,-0.7512472686154019
silver_fut,2024,24,48,0.012831882559008122,3625,241,-0.1313769543903235,-0.8320096834888498
silver_fut,2025–26,1,1,-0.019878341448419996,5316,318,-0.061071061164606505,-1.6976292540101146
silver_fut,2025–26,1,6,-0.005405812551031378,5292,307,-0.06793199474929709,-0.14499316795168882
silver_fut,2025–26,1,24,-0.0004363354163197966,5210,302,-0.1219897442410329,0.5015606541654404
silver_fut,2025–26,1,48,-0.022676071198485453,5076,297,-0.4470563062839415,-1.5423013767097273
silver_fut,2025–26,3,1,-0.005015246717159467,5316,330,-0.019322162853899226,-0.5450639687510813
silver_fut,2025–26,3,6,5.48288264117451e-05,5292,322,-0.03933831572632725,-0.7614766769825202
silver_fut,2025–26,3,24,-0.014745187263317928,5210,319,0.061324445994395585,-1.207567215318404
silver_fut,2025–26,3,48,-0.024566662649772638,5076,313,-0.3413317205369262,-0.2787652094810323
silver_fut,2025–26,6,1,-0.014920383052931923,5316,338,-0.0139777396731939,-0.39186436231346994
silver_fut,2025–26,6,6,-0.001323784701375579,5292,331,-0.0751335831469935,-0.7551863744188185
silver_fut,2025–26,6,24,-0.03444201760288117,5210,328,0.12053049171801793,0.38051480332323295
silver_fut,2025–26,6,48,-0.0354185420608639,5076,325,0.09434833384188428,-0.3832985478964227
silver_fut,2025–26,12,1,0.0003173534254159257,5316,389,0.002407690407054449,0.07097607011214294
silver_fut,2025–26,12,6,0.00916242566346102,5292,383,0.07617639200910778,0.8431693066251068
silver_fut,2025–26,12,24,-0.027113939503196956,5210,383,0.5389097180562038,2.535305095912151
silver_fut,2025–26,12,48,-0.04755494433256637,5076,370,0.5997427220219345,1.0193163725616672
silver_fut,2025–26,24,1,-0.0005432878512228591,5316,470,0.019075020540523405,0.614832092574887
silver_fut,2025–26,24,6,-0.026231343751654868,5292,465,0.16693683328503656,1.9097354000311288
silver_fut,2025–26,24,24,-0.03997593735702791,5210,466,0.2541979021750617,1.3486659059180475
silver_fut,2025–26,24,48,-0.05149943887507132,5076,450,0.5615650929920155,1.57021376538662
