вариант,проскальзывание,набор,период,сделок,итог,на_сделку,t,PF,winrate,просадка,итог/просадка,лет_в_плюсе,ч_в_сделке,доля_выходов_по_развороту
"240 ч, разворот «ноутбук v3» (нейтраль/против)",0.1,все 8,2015–20,3840,-36.56848673987991,-0.009523043421843727,-3.6489346999100354,0.7844070564684883,18.671875,-50.81139600381594,-0.719690652410605,1/6,17.166258680555554,0.9630208333333333
"240 ч, разворот «ноутбук v3» (нейтраль/против)",0.1,все 8,2021–26,5469,-27.984346078370905,-0.005116903653020827,-1.4905715385511225,0.8964373440827685,21.411592612909125,-32.096811809421474,-0.8718730771308749,1/6,13.509834217102457,0.9431340281587127
"240 ч, разворот «ноутбук v3» (нейтраль/против)",0.1,все 8,всё,9309,-64.5528328182508,-0.006934454057175938,-3.0332642533321437,0.853233903233241,20.28144806101622,-65.70067882475031,-0.9825291606261594,2/12,15.018124037669638,0.9513374154044473
"240 ч, разворот «ноутбук v3» (нейтраль/против)",0.1,ядро 4,2015–20,2090,-17.319832457967074,-0.008287001176060802,-1.131427319260607,0.9054764232318677,19.473684210526315,-40.86229843358491,-0.4238584984669346,1/6,18.087511961722488,0.9698564593301435
"240 ч, разворот «ноутбук v3» (нейтраль/против)",0.1,ядро 4,2021–26,2511,-24.354507088336575,-0.009699126677951643,-0.844657806796274,0.9002438750627109,21.306252489048187,-30.448217437438235,-0.7998664335072367,2/6,14.949741138988452,0.9382716049382716
"240 ч, разворот «ноутбук v3» (нейтраль/против)",0.1,ядро 4,всё,4601,-41.674339546303656,-0.009057669973115336,-1.2767097077641407,0.9024872883223486,20.47381004129537,-45.21842217326842,-0.9216230364388984,3/12,16.375070636818084,0.952618995870463
"720 ч, разворот «ноутбук v3» (нейтраль/против)",0.1,все 8,2015–20,3840,-36.44870037310008,-0.009491849055494812,-3.6342393127447044,0.7851132682292512,18.671875,-51.01065592841765,-0.7145311055056398,1/6,17.207703993055556,0.96328125
"720 ч, разворот «ноутбук v3» (нейтраль/против)",0.1,все 8,2021–26,5469,-27.98434607837091,-0.005116903653020828,-1.4905715385511227,0.8964373440827685,21.411592612909125,-32.096811809421474,-0.871873077130875,1/6,13.509834217102457,0.9431340281587127
"720 ч, разворот «ноутбук v3» (нейтраль/против)",0.1,все 8,всё,9309,-64.433046451471,-0.006921586255394887,-3.0271310237797056,0.8535062472455889,20.28144806101622,-65.58089245797049,-0.982497249374349,2/12,15.035220396032514,0.9514448383284994
"720 ч, разворот «ноутбук v3» (нейтраль/против)",0.1,ядро 4,2015–20,2090,-17.080259724407444,-0.00817237307387916,-1.114347706186491,0.9067838996019268,19.473684210526315,-40.734391156471446,-0.4193080892948099,1/6,18.16366028708134,0.970334928229665
"720 ч, разворот «ноутбук v3» (нейтраль/против)",0.1,ядро 4,2021–26,2511,-24.354507088336575,-0.009699126677951643,-0.844657806796274,0.9002438750627109,21.306252489048187,-30.44821743743824,-0.7998664335072365,2/6,14.949741138988452,0.9382716049382716
"720 ч, разворот «ноутбук v3» (нейтраль/против)",0.1,ядро 4,всё,4601,-41.43476681274403,-0.009005600263582707,-1.2690119926636163,0.903047858379313,20.47381004129537,-44.97884943970879,-0.9212055739283556,3/12,16.409660943273202,0.9528363399261031
"240 ч, разворот «ноутбук v3» (нейтраль/против)",0.0,все 8,2015–20,3840,11.16818306255184,0.002908381005872875,1.1122952507299129,1.084120010412243,29.21875,-14.296624063518696,0.7811762422326098,3/6,17.204388020833335,0.96484375
"240 ч, разворот «ноутбук v3» (нейтраль/против)",0.0,все 8,2021–26,5468,41.23097892236622,0.007540413116745834,2.193513860876532,1.1879069405332516,32.77249451353328,-9.798243791550412,4.207996841017781,6/6,13.517565837600586,0.9442209217264081
"240 ч, разворот «ноутбук v3» (нейтраль/против)",0.0,все 8,всё,9308,52.399161984918074,0.0056294759330595264,2.4588357669160845,1.1487821260337236,31.30640309411259,-14.296624063518696,3.665142326755814,9/12,15.038558229480016,0.9527288354103997
"240 ч, разворот «ноутбук v3» (нейтраль/против)",0.0,ядро 4,2015–20,2090,35.02506932462442,0.01675840637541838,2.287414859994309,1.2448710673613783,29.904306220095695,-12.036138521883089,2.9099922089584465,3/6,18.11585326953748,0.9717703349282296
"240 ч, разворот «ноутбук v3» (нейтраль/против)",0.0,ядро 4,2021–26,2510,40.03670037258814,0.015950876642465396,1.3866216627831847,1.202877712539775,33.34661354581673,-20.2292598333757,1.9791480608960637,5/6,14.957622841965472,0.9398406374501992
"240 ч, разворот «ноутбук v3» (нейтраль/против)",0.0,ядро 4,всё,4600,75.06176969721255,0.016317776021133164,2.2969275231576094,1.2205242567476224,31.782608695652176,-20.229259833375696,3.7105544303390783,8/12,16.392557971014494,0.9543478260869566
"720 ч, разворот «ноутбук v3» (нейтраль/против)",0.0,все 8,2015–20,3840,11.288089215698431,0.002939606566588133,1.1233909335387207,1.0850231570382154,29.21875,-14.426447456036254,0.7824579994553903,3/6,17.245833333333334,0.9651041666666667
"720 ч, разворот «ноутбук v3» (нейтраль/против)",0.0,все 8,2021–26,5468,41.23097892236621,0.007540413116745833,2.193513860876531,1.1879069405332516,32.77249451353328,-9.798243791550412,4.20799684101778,6/6,13.517565837600586,0.9442209217264081
"720 ч, разворот «ноутбук v3» (нейтраль/против)",0.0,все 8,всё,9308,52.519068138064654,0.005642357986470204,2.464051969538091,1.14912258744024,31.30640309411259,-14.426447456036254,3.6404713147927383,9/12,15.055656424581006,0.9528362698753761
"720 ч, разворот «ноутбук v3» (нейтраль/против)",0.0,ядро 4,2015–20,2090,35.2648816309176,0.0168731491057022,2.3001218881819008,1.2465476691937443,29.904306220095695,-12.036138521883089,2.929916564752223,3/6,18.192001594896333,0.9722488038277513
"720 ч, разворот «ноутбук v3» (нейтраль/против)",0.0,ядро 4,2021–26,2510,40.03670037258813,0.01595087664246539,1.386621662783184,1.202877712539775,33.34661354581673,-20.2292598333757,1.979148060896063,5/6,14.957622841965472,0.9398406374501992
"720 ч, разворот «ноутбук v3» (нейтраль/против)",0.0,ядро 4,всё,4600,75.30158200350574,0.0163699091311969,2.3036158399239812,1.221228802228199,31.782608695652176,-20.229259833375696,3.7224091550432186,8/12,16.42715579710145,0.9545652173913044
"240 ч, разворот «подбор: плато» (нейтраль/против)",0.0,все 8,2015–20,4467,6.711329643011545,0.001502424366020046,0.5276297575692603,1.044996247631053,25.363778822475936,-18.19768539798757,0.3688012786369926,2/6,20.606316692784123,0.931497649429147
"240 ч, разворот «подбор: плато» (нейтраль/против)",0.0,все 8,2021–26,6291,32.15745110059972,0.005111659688539139,1.5061383606495178,1.1354513080215147,29.836274042282625,-10.418472177710562,3.08658031159289,4/6,17.163649128384463,0.9113018597997139
"240 ч, разворот «подбор: плато» (нейтраль/против)",0.0,все 8,всё,10758,38.86878074361127,0.003613011781335868,1.5639905002024483,1.1005497259320274,27.979178285926753,-18.19768539798757,2.135918931091624,6/12,18.593133791906798,0.9196876742889013
"240 ч, разворот «подбор: плато» (нейтраль/против)",0.0,ядро 4,2015–20,2400,29.597264847826025,0.012332193686594177,1.508760146614475,1.1848163639982285,25.666666666666664,-13.109041683939507,2.257774867257231,3/6,22.26175,0.9341666666666667
"240 ч, разворот «подбор: плато» (нейтраль/против)",0.0,ядро 4,2021–26,2855,47.10761687537295,0.016500040937083345,1.4933181097115054,1.2330339886672397,30.332749562171628,-20.736682720405476,2.2717045686877264,5/6,19.542930531231754,0.9057793345008757
"240 ч, разворот «подбор: плато» (нейтраль/против)",0.0,ядро 4,всё,5255,76.70488172319898,0.014596552183291908,2.065031199023692,1.211720395981663,28.201712654614653,-20.736682720405483,3.698994808254418,8/12,20.784636853790044,0.918744053282588
"720 ч, разворот «подбор: плато» (нейтраль/против)",0.1,все 8,2015–20,4455,-48.360997223243146,-0.01085544269882001,-3.806524271850883,0.7501840683709088,13.468013468013467,-57.902170515918314,-0.8352190736951366,1/6,21.751619902731015,0.9409652076318743
"720 ч, разворот «подбор: плато» (нейтраль/против)",0.1,все 8,2021–26,6276,-48.298278593689304,-0.007695710419644567,-2.267273302298403,0.8379336538036792,16.236456341618865,-50.69672604046199,-0.9526902892139733,1/6,17.80863872955173,0.9182600382409177
"720 ч, разворот «подбор: плато» (нейтраль/против)",0.1,все 8,всё,10731,-96.65927581693245,-0.009007480739626544,-3.8971189286999293,0.8033789993353677,15.087130742708041,-97.88097941724651,-0.9875184779761328,2/12,19.44557667815985,0.9276861429503308
"720 ч, разворот «подбор: плато» (нейтраль/против)",0.1,ядро 4,2015–20,2392,-29.308855398357633,-0.012252865969213057,-1.5069115343957802,0.8583236377363928,13.419732441471572,-54.21705639182988,-0.540583671428799,1/6,23.43113851727982,0.9464882943143813
"720 ч, разворот «подбор: плато» (нейтраль/против)",0.1,ядро 4,2021–26,2845,-26.29846335159926,-0.009243748102495347,-0.8320092992561088,0.8977636507496556,15.746924428822496,-30.7696393311627,-0.8546887101456809,1/6,20.424967779730522,0.9152899824253076
"720 ч, разворот «подбор: плато» (нейтраль/против)",0.1,ядро 4,всё,5237,-55.60731874995689,-0.010618162831765685,-1.4984508522373035,0.880183472014235,14.683979377506207,-57.95697184300544,-0.9594586635855765,2/12,21.798036407612503,0.9295398128699637
"720 ч, разворот «подбор: плато» (нейтраль/против)",0.0,все 8,2015–20,4455,6.725892583763631,0.0015097401983756747,0.5321092326756236,1.045560333673676,25.274971941638608,-19.335822901069633,0.3478462032971745,2/6,21.72510662177329,0.9418630751964086
"720 ч, разворот «подбор: плато» (нейтраль/против)",0.0,все 8,2021–26,6279,29.080045512459428,0.004631317966628353,1.365115964046995,1.1228641131658257,29.781812390508044,-10.418472177710564,2.7912005730239136,4/6,17.693472952168605,0.9176620480968307
"720 ч, разворот «подбор: плато» (нейтраль/против)",0.0,все 8,всё,10734,35.805938096223066,0.0033357497760595368,1.4455616559652575,1.0931692513821045,27.911309856530654,-19.335822901069633,1.8517928240976145,6/12,19.366747406993355,0.9277063536426309
"720 ч, разворот «подбор: плато» (нейтраль/против)",0.0,ядро 4,2015–20,2392,30.849784081962053,0.01289706692389718,1.5869141210013264,1.1959117494585798,25.585284280936456,-13.977890614907864,2.207041457962175,3/6,23.49119286510591,0.9464882943143813
"720 ч, разворот «подбор: плато» (нейтраль/против)",0.0,ядро 4,2021–26,2846,43.408740421874676,0.015252544069527293,1.3730218206984814,1.215169323957969,30.18271257905833,-20.736682720405476,2.0933309829329287,5/6,20.31906769735301,0.9146170063246662
"720 ч, разворот «подбор: плато» (нейтраль/против)",0.0,ядро 4,всё,5238,74.25852450383672,0.014176885166826409,2.000990817958809,1.2067273341940494,28.08323787705231,-20.736682720405483,3.581022360474476,8/12,21.76765941198931,0.9291714394807178
"240 ч, разворот «подбор: плато» (нейтраль/против)",0.1,все 8,2015–20,4467,-48.514828336796214,-0.010860718230758052,-3.7951261266865526,0.7514151306401883,13.588538168793374,-56.50682793729366,-0.8585657717441463,1/6,20.632758749347065,0.9306021938661294
"240 ч, разворот «подбор: плато» (нейтраль/против)",0.1,все 8,2021–26,6290,-45.82531502394541,-0.0072854236922011775,-2.1465064322198097,0.8467708143847331,16.27980922098569,-48.223762470718086,-0.9502641991439585,1/6,17.250898251192368,0.9116057233704292
"240 ч, разворот «подбор: плато» (нейтраль/против)",0.1,все 8,всё,10757,-94.34014336074165,-0.008770116515826126,-3.791331488169576,0.8091161213093755,15.162219949800129,-95.61648291484079,-0.9866514693367682,2/12,18.655264788819682,0.9194942827926001
"240 ч, разворот «подбор: плато» (нейтраль/против)",0.1,ядро 4,2015–20,2400,-30.76721300997199,-0.012819672087488328,-1.5677548032114694,0.8532446188954067,13.541666666666666,-52.97908993983574,-0.580742573058766,1/6,22.20189583333333,0.9341666666666667
"240 ч, разворот «подбор: плато» (нейтраль/против)",0.1,ядро 4,2021–26,2855,-23.285897268678287,-0.008156181179922343,-0.7384437256451416,0.9097065293994925,15.866900175131349,-29.8667297205174,-0.7796600929053739,1/6,19.615820198482194,0.9061295971978984
"240 ч, разворот «подбор: плато» (нейтраль/против)",0.1,ядро 4,всё,5255,-54.05311027865027,-0.010286034306118035,-1.455429738758535,0.8843884895245444,14.804947668886776,-56.86024022219536,-0.9506310572629392,2/12,20.796901363780524,0.9189343482397716
"240 ч, разворот «гейт C» (нейтраль/против)",0.1,все 8,2015–20,2299,11.652524218937447,0.00506851858152999,1.0180621333452506,1.0666212812760858,41.19182253153545,-11.449601177272719,1.017723153717138,2/6,41.92078439901407,0.9182253153545019
"240 ч, разворот «гейт C» (нейтраль/против)",0.1,все 8,2021–26,3302,29.795740111257395,0.009023543340780555,1.6487251528608675,1.1017470801955374,40.763173834039975,-14.914959584631333,1.9977084042493491,4/6,31.239889965677367,0.8782556026650515
"240 ч, разворот «гейт C» (нейтраль/против)",0.1,все 8,всё,5601,41.44826433019484,0.007400154317121021,1.9377027703875682,1.088612350178127,40.93911801464024,-14.914959584631447,2.778972621079284,6/12,35.62399571505088,0.8946616675593644
"240 ч, разворот «гейт C» (нейтраль/против)",0.1,ядро 4,2015–20,1244,26.217814345209042,0.02107541346077897,1.490361164448966,1.1340364857769545,41.639871382636656,-13.815739164457998,1.8976772819116543,3/6,44.54951768488746,0.932475884244373
"240 ч, разворот «гейт C» (нейтраль/против)",0.1,ядро 4,2021–26,1520,67.83392016033264,0.04462757905285042,2.9319071504190606,1.2918197419718827,42.89473684210526,-13.538910339669783,5.0102939201521535,5/6,33.765230263157896,0.8835526315789474
"240 ч, разворот «гейт C» (нейтраль/против)",0.1,ядро 4,всё,2764,94.05173450554167,0.03402740032762,3.2357780279472097,1.2197195705007606,42.32995658465991,-13.815739164457998,6.807578905911647,8/12,38.61893994211288,0.9055716353111433
"240 ч, разворот «гейт C» (нейтраль/против)",0.0,все 8,2015–20,2299,40.72930131697271,0.01771609452673889,3.5698902558000842,1.2574261671652505,44.54110482818617,-6.1650274707836985,6.6065076773770155,6/6,41.91764535305205,0.9208351457155285
"240 ч, разворот «гейт C» (нейтраль/против)",0.0,все 8,2021–26,3302,70.2758482873191,0.021282812927716267,3.8831351285013795,1.2602104874689763,44.60932768019382,-8.169062752502903,8.602681900783224,5/6,31.278386836260854,0.8803755299818292
"240 ч, разворот «гейт C» (нейтраль/против)",0.0,все 8,всё,5601,111.00514960429182,0.019818809070575222,5.188980028911822,1.2591819146787424,44.5813247634351,-8.169062752502882,13.588480461884254,11/12,35.64540260667738,0.8969826816639885
"240 ч, разворот «гейт C» (нейтраль/против)",0.0,ядро 4,2015–20,1244,56.945519346723316,0.04577614095395765,3.233772648319426,1.3193063815600903,44.61414790996784,-7.491085540799244,7.601771336954677,5/6,44.55736870310825,0.932475884244373
"240 ч, разворот «гейт C» (нейтраль/против)",0.0,ядро 4,2021–26,1521,104.62874577547468,0.06878944495428974,4.517581346953289,1.4925402189752344,46.15384615384615,-10.968465101676948,9.539050797497472,6/6,33.8100701293009,0.883629191321499
"240 ч, разворот «гейт C» (нейтраль/против)",0.0,ядро 4,всё,2765,161.57426512219797,0.05843553892303724,5.553176701176439,1.4134786259634573,45.46112115732369,-10.96846510167694,14.730799945517928,11/12,38.64538276069921,0.9056057866184448
"720 ч, разворот «гейт C» (нейтраль/против)",0.0,все 8,2015–20,2299,40.66308748870525,0.017687293383516857,3.564673952967795,1.2570076681615092,44.54110482818617,-6.1650274707836985,6.595767444899343,6/6,41.94643323183993,0.9212701174423662
"720 ч, разворот «гейт C» (нейтраль/против)",0.0,все 8,2021–26,3302,70.2758482873191,0.021282812927716267,3.8831351285013795,1.2602104874689766,44.60932768019382,-8.169062752502903,8.602681900783224,5/6,31.278386836260854,0.8803755299818292
"720 ч, разворот «гейт C» (нейтраль/против)",0.0,все 8,всё,5601,110.93893577602435,0.019806987283703687,5.186126202903903,1.259027314402541,44.5813247634351,-8.169062752502882,13.580375024299364,11/12,35.657218948997205,0.8971612212104981
"720 ч, разворот «гейт C» (нейтраль/против)",0.0,ядро 4,2015–20,1244,56.8130916901884,0.04566968785384919,3.2271313136529445,1.3185638297963738,44.61414790996784,-7.491085540799244,7.5840933040696346,5/6,44.610570739549836,0.9332797427652733
"720 ч, разворот «гейт C» (нейтраль/против)",0.0,ядро 4,2021–26,1521,104.62874577547468,0.06878944495428974,4.517581346953289,1.4925402189752344,46.15384615384615,-10.968465101676948,9.539050797497472,6/6,33.8100701293009,0.883629191321499
"720 ч, разворот «гейт C» (нейтраль/против)",0.0,ядро 4,всё,2765,161.44183746566307,0.0583876446530427,5.549167518952243,1.4131397353274875,45.46112115732369,-10.96846510167694,14.718726455261333,11/12,38.66931886678722,0.9059674502712477
"720 ч, разворот «гейт C» (нейтраль/против)",0.1,все 8,2015–20,2299,11.586244110561612,0.00503968860833476,1.0124374941673957,1.0662423362801217,41.19182253153545,-11.51588128564855,1.0061100686232975,2/6,41.94957227780194,0.9186602870813397
"720 ч, разворот «гейт C» (нейтраль/против)",0.1,все 8,2021–26,3302,29.795740111257395,0.009023543340780555,1.6487251528608675,1.1017470801955374,40.763173834039975,-14.914959584631333,1.9977084042493491,4/6,31.239889965677367,0.8782556026650515
"720 ч, разворот «гейт C» (нейтраль/против)",0.1,все 8,всё,5601,41.381984221819,0.007388320696628995,1.9346944014843388,1.0884706497651386,40.93911801464024,-14.914959584631447,2.774528753296757,6/12,35.63581205737071,0.894840207105874
"720 ч, разворот «гейт C» (нейтраль/против)",0.1,ядро 4,2015–20,1244,26.085254128457375,0.020968853801010753,1.4832311315939237,1.1333587822364046,41.639871382636656,-13.815739164457998,1.8880824122362996,3/6,44.60271972132905,0.9332797427652733
"720 ч, разворот «гейт C» (нейтраль/против)",0.1,ядро 4,2021–26,1520,67.83392016033264,0.04462757905285042,2.9319071504190606,1.2918197419718827,42.89473684210526,-13.538910339669783,5.0102939201521535,5/6,33.765230263157896,0.8835526315789474
"720 ч, разворот «гейт C» (нейтраль/против)",0.1,ядро 4,всё,2764,93.91917428879,0.03397944077018451,3.231534171527525,1.2194098890893195,42.32995658465991,-13.815739164457998,6.797984036236293,8/12,38.64288470815244,0.9059334298118669
"240 ч, разворот «гейт C» (против)",0.1,все 8,2015–20,2009,26.572067466424635,0.013226514418329833,1.6586843634321475,1.1263302639757946,36.23693379790941,-16.140980208708854,1.646248686438987,3/6,83.33773851003816,0.640119462419114
"240 ч, разворот «гейт C» (против)",0.1,все 8,2021–26,2835,70.21027605135204,0.02476552947137638,2.895503357958186,1.214311168791924,38.41269841269842,-10.144150223246626,6.92125752342036,5/6,65.50110523221635,0.6123456790123457
"240 ч, разворот «гейт C» (против)",0.1,все 8,всё,4844,96.78234351777667,0.019979839702266033,3.3301973112834404,1.1799105094773128,37.5103220478943,-16.140980208708854,5.996063576458499,8/12,72.89866845582164,0.6238645747316267
"240 ч, разворот «гейт C» (против)",0.1,ядро 4,2015–20,1082,45.49662108736921,0.04204863316762404,1.9383860973683802,1.196958387697735,37.06099815157117,-15.340716558523024,2.9657428917224937,4/6,87.40865680837953,0.6432532347504621
"240 ч, разворот «гейт C» (против)",0.1,ядро 4,2021–26,1292,105.4043397937732,0.08158230634192973,3.3111840066652314,1.4035980332273073,40.015479876160995,-10.329437885658834,10.20426677235886,5/6,71.93001805985551,0.6160990712074303
"240 ч, разворот «гейт C» (против)",0.1,ядро 4,всё,2374,150.9009608811424,0.0635640104806834,3.815059567031786,1.3066109383631954,38.66891322662174,-15.340716558523024,9.836630531922875,9/12,78.9847304128054,0.628475147430497
"720 ч, разворот «гейт C» (против)",0.1,все 8,2015–20,1981,30.017602032392176,0.015152752161732548,1.8471548831521036,1.1451900405202564,36.19384149419485,-15.600565220070676,1.9241355431002893,3/6,90.10800100959112,0.6784452296819788
"720 ч, разворот «гейт C» (против)",0.1,все 8,2021–26,2825,65.24536588516237,0.023095704738110574,2.6269734316901063,1.1977071922536624,38.3716814159292,-9.946361648263526,6.559721855333217,4/6,66.89286725663716,0.6233628318584071
"720 ч, разворот «гейт C» (против)",0.1,все 8,всё,4806,95.26296791755455,0.01982167455629516,3.2097586949177086,1.1774787438709597,37.47399084477736,-15.600565220070676,6.106379260861356,7/12,76.4619850187266,0.6460674157303371
"720 ч, разворот «гейт C» (против)",0.1,ядро 4,2015–20,1068,48.60601096774562,0.04551124622448092,2.047697543507309,1.2148777773118966,37.07865168539326,-13.372510082192553,3.6347709344763635,4/6,94.81758739076156,0.6844569288389513
"720 ч, разворот «гейт C» (против)",0.1,ядро 4,2021–26,1287,96.03774690712947,0.07462140396824357,2.8554187855155746,1.3603071113388843,39.93783993783994,-16.563662021473814,5.798098680269024,5/6,73.97887852887852,0.6301476301476302
"720 ч, разворот «гейт C» (против)",0.1,ядро 4,всё,2355,144.6437578748751,0.06141985472393847,3.513855338937928,1.2935455734541619,38.6411889596603,-16.563662021473817,8.732595345603704,9/12,83.42929936305732,0.6547770700636942
"240 ч, разворот «гейт C» (против)",0.0,все 8,2015–20,2009,52.77946688410195,0.026271511639672448,3.30347860872271,1.2726715674066233,38.67595818815331,-9.451901820225084,5.584004985236408,5/6,83.30228140036503,0.6431060228969636
"240 ч, разворот «гейт C» (против)",0.0,все 8,2021–26,2834,103.92756224588476,0.03667168745444063,4.291484002885042,1.3393616093896294,40.79040225829217,-7.918000871451923,13.125480021174532,6/6,65.51019760056457,0.6132674664784756
"240 ч, разворот «гейт C» (против)",0.0,все 8,всё,4843,156.70702912998672,0.03235742909972883,5.4014420199094175,1.3135341048553324,39.913276894486884,-9.451901820225084,16.579417783907427,11/12,72.89080803909422,0.6256452612017345
"240 ч, разворот «гейт C» (против)",0.0,ядро 4,2015–20,1082,72.70820487489698,0.06719797123373103,3.0976590041727836,1.3396514758302442,38.632162661737524,-10.543257274317334,6.896180467113259,6/6,87.41925446703635,0.6451016635859519
"240 ч, разворот «гейт C» (против)",0.0,ядро 4,2021–26,1292,136.97604209944745,0.10601860843610485,4.301566509965385,1.5655180636438772,41.873065015479874,-10.075140494177653,13.595447346724828,6/6,71.96204850361197,0.6168730650154799
"240 ч, разворот «гейт C» (против)",0.0,ядро 4,всё,2374,209.68424697434446,0.08832529358649724,5.300091522683681,1.4595512144765777,40.39595619208088,-10.543257274317334,19.88799490695548,12/12,79.00699241786015,0.6297388374052233
"720 ч, разворот «гейт C» (против)",0.0,все 8,2015–20,1981,55.87213396128042,0.028204005028410105,3.4472603934901027,1.2937553014108776,38.6673397274104,-9.734539234418696,5.739576636943603,5/6,90.11251051657413,0.6814740030287734
"720 ч, разворот «гейт C» (против)",0.0,все 8,2021–26,2823,101.14168295076132,0.035827730411180064,4.071042430484355,1.3283839237020976,40.807651434643994,-8.828869533635647,11.455790864893675,6/6,67.02651434643997,0.6241586964222459
"720 ч, разворот «гейт C» (против)",0.0,все 8,всё,4804,157.01381691204176,0.03268397521066648,5.293470783326597,1.315163575118133,39.92506244796004,-9.734539234418696,16.12955817743108,11/12,76.54636414099362,0.6477935054121565
"720 ч, разворот «гейт C» (против)",0.0,ядро 4,2015–20,1068,75.51789788123347,0.07070964221089276,3.1815445232238475,1.3605554396691413,38.670411985018724,-10.377428048434323,7.277130472865779,5/6,94.82807428214731,0.6863295880149812
"720 ч, разворот «гейт C» (против)",0.0,ядро 4,2021–26,1287,127.60653999563807,0.0991503807269915,3.793279774600173,1.515292445056632,41.8026418026418,-16.353923201395226,7.802809052249395,6/6,73.99396529396529,0.6301476301476302
"720 ч, разворот «гейт C» (против)",0.0,ядро 4,всё,2355,203.12443787687153,0.08625241523434035,4.933964121228102,1.44438818131088,40.382165605095544,-16.353923201395247,12.420532698816992,11/12,83.44230007077141,0.6556263269639065
"240 ч, разворот «ноутбук v3» (против)",0.0,все 8,2015–20,1887,39.51411015311539,0.020940174961905346,2.3295494823357625,1.1899470267092593,36.61897191308956,-13.266214765644936,2.978551972145343,3/6,98.23128422540188,0.4430312665606783
"240 ч, разворот «ноутбук v3» (против)",0.0,все 8,2021–26,2594,101.79464911038502,0.0392423473825694,4.070461140241208,1.3287113987134054,40.670778720123366,-10.767942832981268,9.453490856080412,6/6,80.52692752505781,0.43292212798766383
"240 ч, разворот «ноутбук v3» (против)",0.0,все 8,всё,4481,141.3087592635004,0.03153509468054015,4.675877509233456,1.2729523415014143,38.964516848917654,-13.266214765644936,10.651776845151256,9/12,87.98243323662872,0.43717920107118946
"240 ч, разворот «ноутбук v3» (против)",0.0,ядро 4,2015–20,1014,56.299433898073794,0.05552212415983609,2.2928688613509816,1.246200455199081,37.17948717948718,-18.038607665162864,3.121052075809726,5/6,103.74237343852728,0.4418145956607495
"240 ч, разворот «ноутбук v3» (против)",0.0,ядро 4,2021–26,1177,151.67966211487305,0.12886972142300174,4.618836490018508,1.6386253214756354,42.82073067119796,-8.35910797360473,18.145436402284403,6/6,88.89899461908807,0.421410365335599
"240 ч, разворот «ноутбук v3» (против)",0.0,ядро 4,всё,2191,207.97909601294685,0.09492427933041847,5.0688658539121185,1.4461320872858752,40.20994979461433,-18.038607665162864,11.529664587949732,11/12,95.76854556519093,0.43085349155636693
"240 ч, разворот «ноутбук v3» (против)",0.1,все 8,2015–20,1891,14.966537036990363,0.007914615038069997,0.8795779343116624,1.0667297102433413,34.320465362242196,-25.167560124033166,0.5946757239569848,1/6,98.39363652388506,0.4383923849814913
"240 ч, разворот «ноутбук v3» (против)",0.1,все 8,2021–26,2599,68.71832476651744,0.026440294254142918,2.7426377376965174,1.2073979635606427,37.745286648711044,-12.880182009320981,5.335198269464528,5/6,80.49688982942158,0.4340130819545979
"240 ч, разворот «ноутбук v3» (против)",0.1,все 8,всё,4490,83.68486180350779,0.018638053853787924,2.7627694251250707,1.15061486247836,36.30289532293987,-25.167560124033166,3.3251082501078404,6/12,88.03425018559763,0.4358574610244989
"240 ч, разворот «ноутбук v3» (против)",0.1,ядро 4,2015–20,1013,31.78331084443696,0.03137543025117173,1.2920897414252162,1.1301419142217324,35.24185587364265,-20.69158759105183,1.5360498900616883,3/6,103.81020072392235,0.43336623889437315
"240 ч, разворот «ноутбук v3» (против)",0.1,ядро 4,2021–26,1181,120.58651663787968,0.10210543322428424,3.673738833322614,1.470521098561412,39.79678238780694,-8.95808602915076,13.461192072221198,6/6,88.82277730736664,0.42506350550381033
"240 ч, разворот «ноутбук v3» (против)",0.1,ядро 4,всё,2194,152.36982748231662,0.06944841726632481,3.712500757706391,1.3044332037253878,37.69371011850502,-20.69158759105183,7.36385387596888,9/12,95.74267699787299,0.42889699179580676
"720 ч, разворот «ноутбук v3» (против)",0.1,все 8,2015–20,1768,20.610453788821523,0.011657496486890002,1.1679718650278212,1.0968027835265644,33.65384615384615,-21.28063160071768,0.9685076164810092,2/6,120.17067307692308,0.5079185520361991
"720 ч, разворот «ноутбук v3» (против)",0.1,все 8,2021–26,2524,59.8529608559167,0.02371353441201137,2.386582302983259,1.1822309489007523,37.00475435816165,-15.058368601421638,3.9747307587002534,5/6,88.22354067617539,0.4714738510301109
"720 ч, разворот «ноутбук v3» (против)",0.1,все 8,всё,4292,80.46341464473824,0.018747300709398472,2.6240192278403844,1.1486326966381513,35.624417520969246,-21.28063160071768,3.7810632764313556,7/12,101.38349642746194,0.4864864864864865
"720 ч, разворот «ноутбук v3» (против)",0.1,ядро 4,2015–20,945,33.53218279441601,0.03548379131684234,1.2876887110317434,1.1433174296381867,34.70899470899471,-20.390771452724415,1.6444783794551219,3/6,126.90091710758378,0.508994708994709
"720 ч, разворот «ноутбук v3» (против)",0.1,ядро 4,2021–26,1138,109.82134493067603,0.09650381804101585,3.330895754913499,1.434709237334975,38.84007029876977,-10.787193765312411,10.180714958863582,6/6,98.88804920913884,0.47363796133567665
"720 ч, разворот «ноутбук v3» (против)",0.1,ядро 4,всё,2083,143.35352772509205,0.0688207046207835,3.4109901034857404,1.294600493954143,36.96591454632741,-20.390771452724415,7.030314083871435,9/12,111.59671947511602,0.4896783485357657
"720 ч, разворот «ноутбук v3» (против)",0.0,все 8,2015–20,1767,43.335316580865566,0.02452479715951645,2.4636567759951236,1.2191549803025543,35.993208828522924,-10.257099293690771,4.2249095324173656,3/6,119.88830409356724,0.5110356536502547
"720 ч, разворот «ноутбук v3» (против)",0.0,все 8,2021–26,2515,94.437613981408,0.03754974710990378,3.769952800405281,1.3088673414403302,40.11928429423459,-13.434893371598914,7.029279010211362,5/6,88.45214711729624,0.46998011928429423
"720 ч, разворот «ноутбук v3» (против)",0.0,все 8,всё,4282,137.77293056227356,0.03217490204630396,4.501136103584264,1.273634341661805,38.41662774404484,-12.97434210603916,10.618876042905056,8/12,101.42451735948933,0.4869219990658571
"720 ч, разворот «ноутбук v3» (против)",0.0,ядро 4,2015–20,948,55.47874298224437,0.0585218807829582,2.134603311928477,1.2522656832577674,36.708860759493675,-18.433573312235257,3.0096575440107665,4/6,126.55392053445851,0.5147679324894515
"720 ч, разворот «ноутбук v3» (против)",0.0,ядро 4,2021–26,1132,139.93290409325795,0.12361563965835508,4.247067447471737,1.5997069359239062,42.04946996466431,-9.761320492833732,14.335448179986468,6/6,99.062308598351,0.46819787985865724
"720 ч, разворот «ноутбук v3» (против)",0.0,ядро 4,всё,2080,195.4116470755023,0.09394790724783764,4.6547292571767285,1.4311273596277239,39.61538461538461,-18.433573312235257,10.600855502378266,10/12,111.59213942307693,0.4894230769230769
"240 ч, разворот «подбор: плато» (против)",0.0,все 8,2015–20,1592,41.03037161314235,0.025772846490667304,2.380438526332391,1.1944540606064609,41.14321608040201,-11.442587206545255,3.585760009735616,4/6,126.74100711892797,0.22613065326633167
"240 ч, разворот «подбор: плато» (против)",0.0,все 8,2021–26,2156,94.57601022078664,0.043866424035615324,3.512957147387826,1.2953295250472248,43.27458256029685,-16.191996060233944,5.840911143318312,6/6,104.56287878787879,0.21428571428571427
"240 ч, разворот «подбор: плато» (против)",0.0,все 8,всё,3748,135.606381833929,0.03618099835483698,4.241963024425082,1.2552629965153852,42.3692636072572,-16.19199606023394,8.37490210159857,10/12,113.98325773745998,0.2193169690501601
"240 ч, разворот «подбор: плато» (против)",0.0,ядро 4,2015–20,848,86.96508074484757,0.10255316125571648,3.5561993263984126,1.4159680192197637,43.86792452830189,-11.013140107963604,7.896483645201526,6/6,135.37822327044023,0.2275943396226415
"240 ч, разворот «подбор: плато» (против)",0.0,ядро 4,2021–26,999,109.49087991920676,0.10960048039960636,2.989230953657247,1.4057788479971391,44.84484484484484,-25.1658943209771,4.350764511791673,6/6,112.38431765098431,0.1971971971971972
"240 ч, разворот «подбор: плато» (против)",0.0,ядро 4,всё,1847,196.45596066405432,0.10636489478292058,4.461809752213016,1.410227033485624,44.39631835408771,-25.165894320977102,7.806436686030978,12/12,122.94134632737773,0.21115322144017326
"240 ч, без разворота",0.0,все 8,2015–20,1469,37.7024558985947,0.02566538863076562,2.1696512738882765,1.181704102176636,44.65622872702519,-11.079351293472095,3.4029479614757605,4/6,141.07834127524393,0.0
"240 ч, без разворота",0.0,все 8,2021–26,1969,106.37972814607278,0.05402728702187546,3.981709321186687,1.3333770315807225,46.67343829355002,-9.637065600414012,11.038601640472663,6/6,119.5437277805993,0.0
"240 ч, без разворота",0.0,все 8,всё,3438,144.08218404466749,0.041908721362614164,4.519871662602503,1.2736130517744169,45.811518324607334,-11.079351293472095,13.004568609496124,10/12,128.74510859026566,0.0
"240 ч, без разворота",0.0,ядро 4,2015–20,790,75.9957814117458,0.09619719166043772,3.0727816198973033,1.3622583492527898,46.70886075949367,-11.593473625056761,6.555048458254781,5/6,148.9233122362869,0.0
"240 ч, без разворота",0.0,ядро 4,2021–26,920,145.69040011290866,0.15835913055750941,4.340895801766505,1.5924200760809701,48.58695652173913,-9.959052410512854,14.62894200246569,6/6,126.69278985507246,0.0
"240 ч, без разворота",0.0,ядро 4,всё,1710,221.68618152465444,0.1296410418272833,5.316420951447983,1.486465922117896,47.719298245614034,-11.593473625056761,19.12163590431846,11/12,136.9630311890838,0.0
"240 ч, разворот «подбор: №1» (против)",0.0,все 8,2015–20,2468,40.51881138971824,0.01641767074137692,2.5193797617334863,1.2113771509648483,32.13128038897893,-11.773456246912389,3.441539216688759,2/6,70.10841437061048,0.6292544570502431
"240 ч, разворот «подбор: №1» (против)",0.0,все 8,2021–26,3487,81.18892036567473,0.023283315275501787,3.4208057532682328,1.2771100883234927,36.44967020361342,-7.908972455599777,10.265419537299143,5/6,54.637744957461045,0.6191568683682248
"240 ч, разворот «подбор: №1» (против)",0.0,все 8,всё,5955,121.70773175539296,0.02043790625615331,4.245318453598286,1.2511125652325306,34.659949622166245,-11.773456246912389,10.337468386762897,7/12,61.04943464875455,0.6233417296389588
"240 ч, разворот «подбор: №1» (против)",0.0,ядро 4,2015–20,1320,54.891912900430505,0.04158478250032614,2.3759710444860467,1.2583887786856491,32.57575757575758,-15.337415700962746,3.5789544973332688,4/6,75.06718434343435,0.6371212121212121
"240 ч, разворот «подбор: №1» (против)",0.0,ядро 4,2021–26,1594,117.80079414268349,0.07390263120620043,3.6832531800842165,1.4990024150304384,37.39021329987453,-8.916791274283247,13.211119394757011,6/6,60.387923462986194,0.6116687578419071
"240 ч, разворот «подбор: №1» (против)",0.0,ядро 4,всё,2914,172.692707043114,0.059263111545337685,4.376684665783371,1.3850349054884554,35.20933424845573,-15.337415700962746,11.259570087304468,10/12,67.03741706703272,0.6231983527796843
"240 ч, разворот «подбор: №1» (против)",0.1,все 8,2015–20,2487,6.854696942972204,0.002756211074777726,0.4241984159914791,1.0316310632514143,25.090470446320868,-30.104617079718874,0.22769586887023163,1/6,69.72356922664522,0.6296743063932448
"240 ч, разворот «подбор: №1» (против)",0.1,все 8,2021–26,3498,36.015329249200995,0.010295977486907089,1.5194084665521117,1.1105227448411685,27.472841623785023,-13.22017480664465,2.7242702744822385,3/6,54.487197446159705,0.6194968553459119
"240 ч, разворот «подбор: №1» (против)",0.1,все 8,всё,5985,42.8700261921732,0.007162911644473384,1.4944184020181515,1.079012709652783,26.4828738512949,-30.104617079718874,1.4240349272223174,4/12,60.818501810080754,0.6237259816207185
"240 ч, разворот «подбор: №1» (против)",0.1,ядро 4,2015–20,1330,19.268369351481876,0.014487495752993892,0.8312128222182242,1.080698527687218,25.48872180451128,-23.347720881876008,0.8252783836575336,2/6,74.50097744360903,0.637593984962406
"240 ч, разворот «подбор: №1» (против)",0.1,ядро 4,2021–26,1601,76.29017758372663,0.04765157875310845,2.3858060592039427,1.2879529489072408,27.420362273579013,-11.870247994208853,6.427007895786708,6/6,60.125130127003956,0.6139912554653342
"240 ч, разворот «подбор: №1» (против)",0.1,ядро 4,всё,2931,95.55854693520853,0.032602711339204546,2.419275515614952,1.1897096345660683,26.543841692255203,-23.347720881876008,4.092842612718879,8/12,66.64845900147844,0.6247014670760832
"240 ч, разворот «подбор: №1» (нейтраль/против)",0.0,все 8,2015–20,2713,37.314274667769546,0.013753879346763562,2.3648318365576784,1.1998804128593277,30.81459638776262,-13.61351537523274,2.7409727494527925,2/6,59.88844452635459,0.6877994839660893
"240 ч, разворот «подбор: №1» (нейтраль/против)",0.0,все 8,2021–26,3952,67.6376621973481,0.017114793066130594,2.9341413570263035,1.2340260211317082,34.61538461538461,-8.484810826786953,7.97161699631685,5/6,44.210665485829956,0.6900303643724697
"240 ч, разворот «подбор: №1» (нейтраль/против)",0.0,все 8,всё,6665,104.95193686511766,0.01574672721157054,3.757225796948412,1.2206259892365103,33.068267066766694,-13.61351537523274,7.709392759496801,7/12,50.592333083270816,0.6891222805701426
"240 ч, разворот «подбор: №1» (нейтраль/против)",0.0,ядро 4,2015–20,1454,43.20010396884882,0.029711213183527388,1.8826316148006752,1.2011849924685252,31.155433287482808,-16.017859382876342,2.696996080202281,4/6,64.17342961944063,0.6953232462173315
"240 ч, разворот «подбор: №1» (нейтраль/против)",0.0,ядро 4,2021–26,1803,98.80905339270106,0.054802580916639525,3.180875316380111,1.4119735441690715,35.3300055463117,-8.432675075289676,11.717403138446764,6/6,49.07352560547236,0.6794231835829173
"240 ч, разворот «подбор: №1» (нейтраль/против)",0.0,ядро 4,всё,3257,142.00915736154988,0.043601215032714115,3.677024613680846,1.3124022705871232,33.466380104390545,-16.017859382876342,8.865676365804703,10/12,55.81447139494423,0.6865213386552041
"240 ч, разворот «подбор: №1» (нейтраль/против)",0.1,все 8,2015–20,2732,1.2176757611870102,0.00044570855094692904,0.07683818131868642,1.0056895656571503,22.9502196193265,-33.977674387840246,0.035837525172787744,1/6,59.545833333333334,0.6899707174231332
"240 ч, разворот «подбор: №1» (нейтраль/против)",0.1,все 8,2021–26,3963,17.416894511959637,0.004394876233146514,0.7584682797983355,1.053548572578896,24.325006308352258,-14.02127868074361,1.2421759033917115,3/6,44.17535957607873,0.6901337370678778
"240 ч, разворот «подбор: №1» (нейтраль/против)",0.1,все 8,всё,6695,18.634570273146643,0.002783356276795615,0.6679257683068883,1.0345549693805454,23.764002987303957,-33.977674387840246,0.5484357187146242,4/12,50.44752302713467,0.690067214339059
"240 ч, разворот «подбор: №1» (нейтраль/против)",0.1,ядро 4,2015–20,1464,5.2521740050255445,0.0035875505498808363,0.22822921067923904,1.0215895050045547,22.74590163934426,-31.97565481541917,0.16425540103381597,2/6,63.74237249544627,0.6967213114754098
"240 ч, разворот «подбор: №1» (нейтраль/против)",0.1,ядро 4,2021–26,1811,52.90218708113833,0.029211588669872075,1.7037389892416288,1.193833241681044,24.01987852015461,-12.641694267885178,4.184738687719293,3/6,48.915387447082644,0.6802871341800111
"240 ч, разворот «подбор: №1» (нейтраль/против)",0.1,ядро 4,всё,3275,58.154361086163874,0.017757056820202708,1.5046414354519406,1.1126584326642872,23.450381679389313,-31.97565481541917,1.8187074329474222,5/12,55.5433893129771,0.6876335877862595
"240 ч, без разворота",0.1,все 8,2015–20,1484,23.17446916308818,0.015616219112593113,1.3339724046925157,1.1070100072904783,42.857142857142854,-20.466163934838423,1.132330867517364,3/6,140.4125,0.0
"240 ч, без разворота",0.1,все 8,2021–26,1972,73.85599812670773,0.03745233170725544,2.6758481857562524,1.218601894446158,45.689655172413794,-13.217523677309,5.587733370472336,5/6,119.19920554428668,0.0
"240 ч, без разворота",0.1,все 8,всё,3456,97.0304672897959,0.02807594539635298,2.9750235029322787,1.1750126499942317,44.473379629629626,-20.466163934838423,4.741018766327103,8/12,128.30815489969135,0.0
"240 ч, без разворота",0.1,ядро 4,2015–20,795,53.042331958486706,0.06671991441319082,2.160898372984721,1.2388912956306695,44.77987421383648,-13.307315258689718,3.9859529084087715,4/6,148.4033752620545,0.0
"240 ч, без разворота",0.1,ядро 4,2021–26,919,109.41777987601455,0.11906178441350876,2.9901760957333527,1.4127538676131106,47.98694232861806,-22.02219660687098,4.968522524309674,6/6,127.3816104461371,0.0
"240 ч, без разворота",0.1,ядро 4,всё,1714,162.46011183450128,0.0947841959361151,3.686929742676285,1.3335063388386945,46.499416569428234,-22.022196606870985,7.377107503609031,10/12,137.13207895760405,0.0
"240 ч, разворот «подбор: плато» (против)",0.1,все 8,2015–20,1605,24.946646562842524,0.015543081970618395,1.435250297160975,1.1116824176082745,39.81308411214953,-20.9991189848177,1.1879853902860817,1/6,126.4306230529595,0.22242990654205608
"240 ч, разворот «подбор: плато» (против)",0.1,все 8,2021–26,2154,68.36916689018739,0.031740560301851156,2.5437189093044545,1.2028931303684234,42.246982358402974,-16.98501997191756,4.025262672827385,6/6,104.88932992881462,0.20891364902506965
"240 ч, разворот «подбор: плато» (против)",0.1,все 8,всё,3759,93.31581345302992,0.02482463779011171,2.9153923553146943,1.1665334916963466,41.20776802341048,-20.9991189848177,4.443796595490362,7/12,114.086929147823,0.21468475658419792
"240 ч, разворот «подбор: плато» (против)",0.1,ядро 4,2015–20,855,63.91527973360728,0.07475471313872196,2.6017470482285634,1.284390979942326,42.33918128654971,-12.048480083696983,5.304841713611014,5/6,134.49101364522417,0.22807017543859648
"240 ч, разворот «подбор: плато» (против)",0.1,ядро 4,2021–26,995,88.54326651998825,0.08898820755777713,2.419429366905193,1.3138591372499664,44.02010050251256,-25.72376179444496,3.442080797805753,6/6,113.14815745393634,0.19396984924623115
"240 ч, разворот «подбор: плато» (против)",0.1,ядро 4,всё,1850,152.4585462535955,0.08241002500194351,3.459684748696793,1.3007926946237292,43.24324324324324,-25.72376179444496,5.926759370261268,11/12,123.01201801801803,0.20972972972972972
"720 ч, разворот «подбор: плато» (против)",0.0,все 8,2015–20,1420,51.50605392841636,0.036271868963673494,2.885768535678732,1.2625603363072113,40.21126760563381,-8.535959487295218,6.034008713967905,5/6,168.18814553990612,0.3105633802816901
"720 ч, разворот «подбор: плато» (против)",0.0,все 8,2021–26,1976,87.94976918616842,0.044508992503121673,3.2383640170473003,1.283156009971923,42.3582995951417,-16.516325103639492,5.325020465163165,6/6,125.05858636977057,0.26417004048583
"720 ч, разворот «подбор: плато» (против)",0.0,все 8,всё,3396,139.4558231145848,0.04106473001018398,4.291606108668104,1.2751835744717541,41.46054181389871,-16.516325103639495,8.443514052884238,11/12,143.09273655280722,0.2835689045936396
"720 ч, разворот «подбор: плато» (против)",0.0,ядро 4,2015–20,748,104.71037196927315,0.13998712830116733,4.088029347682069,1.5546244778063034,42.780748663101605,-11.794298755303295,8.87804982235084,6/6,183.68054812834222,0.32486631016042783
"720 ч, разворот «подбор: плато» (против)",0.0,ядро 4,2021–26,893,106.50911315122931,0.11927112334964089,2.843170836356839,1.414958231832762,43.673012318029116,-25.1658943209771,4.232280076867697,6/6,139.6819335572975,0.2620380739081747
"720 ч, разворот «подбор: плато» (против)",0.0,ядро 4,всё,1641,211.21948512050244,0.12871388489975774,4.655521090919729,1.4741504036003426,43.26630103595369,-25.165894320977102,8.393084800663724,12/12,159.7373654275848,0.2906764168190128
"720 ч, разворот «подбор: №1» (против)",0.0,все 8,2015–20,2351,43.78357889513228,0.01862338532332296,2.6972707619458003,1.2415855231009953,31.901318587834965,-12.539770248475493,3.4915774394235983,3/6,82.50017722954772,0.680561463207146
"720 ч, разворот «подбор: №1» (против)",0.0,все 8,2021–26,3333,83.05126933045551,0.024917872586395294,3.364898504944222,1.2885061637987145,36.45364536453645,-9.234450203570699,8.99363443406105,5/6,61.4015501550155,0.6438643864386439
"720 ч, разворот «подбор: №1» (против)",0.0,все 8,всё,5684,126.83484822558779,0.022314364571707917,4.29370999300608,1.2703786561251587,34.570724841660805,-12.539770248475493,10.114607023283188,8/12,70.12830459770115,0.6590429275158339
"720 ч, разворот «подбор: №1» (против)",0.0,ядро 4,2015–20,1251,57.36111557561461,0.045852210691938136,2.43474068461522,1.2844523242651091,32.214228617106315,-15.046006058882044,3.812381528435772,4/6,88.69850786037837,0.6882494004796164
"720 ч, разворот «подбор: №1» (против)",0.0,ядро 4,2021–26,1500,111.96187720975269,0.07464125147316845,3.26271166628384,1.4745881915077634,37.13333333333333,-13.652427272990007,8.200877028750654,6/6,70.30801111111111,0.6446666666666667
"720 ч, разворот «подбор: №1» (против)",0.0,ядро 4,всё,2751,169.32299278536726,0.06154961569806153,4.067898850118249,1.386963546608367,34.89640130861505,-15.046006058882044,11.25368367676627,10/12,78.6709741912032,0.6644856415848782
"720 ч, разворот «подбор: №1» (против)",0.1,все 8,2015–20,2370,11.519258047899832,0.004860446433713009,0.7061021435740937,1.056089892761111,24.641350210970465,-28.237627804271337,0.4079400057166765,2/6,81.946547116737,0.6797468354430379
"720 ч, разворот «подбор: №1» (против)",0.1,все 8,2021–26,3352,36.173949781948366,0.01079175112826622,1.4692177250477425,1.1127222717646803,27.416467780429592,-14.325111668176033,2.525212411594015,3/6,60.906861575179,0.6434964200477327
"720 ч, разворот «подбор: №1» (против)",0.1,все 8,всё,5722,47.6932078298482,0.008335059040518735,1.614859241868788,1.0906226464687123,26.267039496679484,-28.237627804271337,1.6889948461830044,5/12,69.62130665268555,0.658511010136316
"720 ч, разворот «подбор: №1» (против)",0.1,ядро 4,2015–20,1261,23.290362767808144,0.01846975635829353,0.9850194687577366,1.1025792102298424,25.05947660586836,-20.657845367888665,1.127434267855038,3/6,87.99376156489559,0.6883425852498017
"720 ч, разворот «подбор: №1» (против)",0.1,ядро 4,2021–26,1508,72.80961384296435,0.04828223729639546,2.1219446702962625,1.2766481945998134,27.453580901856768,-13.887955951736782,5.242644352847261,6/6,69.88510167992926,0.6472148541114059
"720 ч, разворот «подбор: №1» (против)",0.1,ядро 4,всё,2769,96.0999766107725,0.03470566147012369,2.3061814776399148,1.1960294097679771,26.363308053448897,-20.657845367888665,4.651984507549559,9/12,78.13176838810641,0.6659443842542434
"720 ч, разворот «подбор: №1» (нейтраль/против)",0.1,все 8,2015–20,2628,5.511758078420755,0.0020973204255786736,0.3443139694397613,1.0270451630015178,22.37442922374429,-31.006830549300908,0.17775948011381076,1/6,69.1677701674277,0.7355403348554034
"720 ч, разворот «подбор: №1» (нейтраль/против)",0.1,все 8,2021–26,3824,16.510511692378692,0.004317602430015348,0.6885711086726741,1.0514004040363518,24.13702928870293,-14.896558131636793,1.1083440581696682,3/6,49.18192555788006,0.7105125523012552
"720 ч, разворот «подбор: №1» (нейтраль/против)",0.1,все 8,всё,6452,22.02226977079944,0.003413247019652734,0.7639054230927462,1.0419462257588907,23.419094854308742,-31.006830549300908,0.7102393047165526,4/12,57.32247106840256,0.7207067575945443
"720 ч, разворот «подбор: №1» (нейтраль/против)",0.1,ядро 4,2015–20,1405,8.709415958534102,0.006198872568351674,0.37245841531589224,1.0374620869286142,22.135231316725978,-29.118276673357165,0.29910478756124675,2/6,74.05374851720048,0.7430604982206406
"720 ч, разворот «подбор: №1» (нейтраль/против)",0.1,ядро 4,2021–26,1723,47.59942462586744,0.027625899376591666,1.4239851550252431,1.1752922021894028,23.737666860127685,-13.670180862876684,3.481989382827438,4/6,56.398297543045075,0.710388856645386
"720 ч, разворот «подбор: №1» (нейтраль/против)",0.1,ядро 4,всё,3128,56.30884058440154,0.01800154750140714,1.3803838605261087,1.1117173625037644,23.017902813299234,-29.118276673357165,1.933797154826933,6/12,64.3285752344416,0.7250639386189258
"720 ч, разворот «подбор: №1» (нейтраль/против)",0.0,все 8,2015–20,2609,40.35658629794054,0.01546822012186299,2.5326436632426748,1.2277291361922704,30.43311613645075,-14.294918577567312,2.823142089194632,3/6,69.64006004854988,0.7343809888846301
"720 ч, разворот «подбор: №1» (нейтраль/против)",0.0,все 8,2021–26,3809,65.47044540609603,0.017188355317956427,2.7220134760025774,1.2289492509736373,34.470989761092156,-10.388115252532067,6.3024373348320175,5/6,49.3018771331058,0.7104226831189289
"720 ч, разворот «подбор: №1» (нейтраль/против)",0.0,все 8,всё,6418,105.82703170403659,0.016489098115306418,3.668221066718709,1.2284824274829034,32.82954191336865,-14.294918577567312,7.403122384349115,8/12,57.56961150929677,0.7201620442505453
"720 ч, разворот «подбор: №1» (нейтраль/против)",0.0,ядро 4,2015–20,1395,45.34968385923902,0.03250873394927528,1.9454891844107889,1.2215751763032554,30.681003584229387,-15.814812876723932,2.8675447640600407,4/6,74.57664277180407,0.7419354838709677
"720 ч, разворот «подбор: №1» (нейтраль/против)",0.0,ядро 4,2021–26,1715,90.52962803631178,0.052786955123213866,2.710479548085857,1.3773555138991933,34.86880466472303,-13.285922591566703,6.813951188739866,6/6,56.51885325558795,0.7090379008746356
"720 ч, разворот «подбор: №1» (нейтраль/против)",0.0,ядро 4,всё,3110,135.87931189555076,0.04369109707252436,3.336308905520234,1.305638724262126,32.9903536977492,-15.814812876723932,8.591901336723145,10/12,64.61872990353697,0.7237942122186495
"720 ч, разворот «подбор: плато» (против)",0.1,все 8,2015–20,1429,36.91418015959539,0.025832176458779138,2.0604450367896043,1.1786011554647946,38.76836948915325,-12.380197028496104,2.981711847931678,4/6,167.56666666666666,0.3079076277116865
"720 ч, разворот «подбор: плато» (против)",0.1,все 8,2021–26,1978,59.62351771078262,0.03014333554640173,2.198903136651406,1.1816812982886706,41.25379170879677,-17.29678045680536,3.4470876160842954,6/6,125.19357937310414,0.25783619817997977
"720 ч, разворот «подбор: плато» (против)",0.1,все 8,всё,3407,96.53769787037803,0.028335103572168483,2.9708427150851904,1.1804910473159613,40.211329615497505,-17.296780456805358,5.581252425065938,10/12,142.9661481264064,0.2788376871147637
"720 ч, разворот «подбор: плато» (против)",0.1,ядро 4,2015–20,748,87.71016893640004,0.11725958413957224,3.4189564436163766,1.4390179953194244,41.57754010695187,-12.513180026188756,7.009422764863286,6/6,183.4369652406417,0.32620320855614976
"720 ч, разворот «подбор: плато» (против)",0.1,ядро 4,2021–26,891,84.36338994554485,0.0946839393328225,2.247900209714276,1.3117207659156382,42.42424242424242,-25.72376179444496,3.2795899223325535,6/6,140.32196034418257,0.25925925925925924
"720 ч, разворот «подбор: плато» (против)",0.1,ядро 4,всё,1639,172.07355888194485,0.10498691817080223,3.7860640410086344,1.3657832869506359,42.03782794386821,-25.723761794444982,6.689284415590566,12/12,159.9986068741102,0.28981086028065894
"720 ч, без разворота",0.1,все 8,2015–20,1209,37.5193351043887,0.031033362369221423,2.030672884597181,1.1886625058242934,41.60463192721257,-9.891566895677599,3.793062868612236,4/6,210.80103391232424,0.0
"720 ч, без разворота",0.1,все 8,2021–26,1676,45.42906660074928,0.027105648329802674,1.5942240142675903,1.136950799210463,43.67541766109785,-25.535912650202327,1.7790265506875993,5/6,159.6500198886237,0.0
"720 ч, без разворота",0.1,все 8,всё,2885,82.94840170513797,0.02875161237613101,2.442786543590916,1.1563328959317096,42.80762564991335,-25.483759566831953,3.2549515108868925,9/12,181.08557481224727,0.0
"720 ч, без разворота",0.1,ядро 4,2015–20,632,79.98782157162856,0.12656300881586796,3.010525162286932,1.405279653844503,44.778481012658226,-9.731316914522715,8.219629704203468,5/6,232.27784810126582,0.0
"720 ч, без разворота",0.1,ядро 4,2021–26,753,73.36082036959274,0.09742472824647111,1.9387058341884948,1.2810750321061504,44.223107569721115,-31.292624763283023,2.344348578124713,6/6,178.74459938025674,0.0
"720 ч, без разворота",0.1,ядро 4,всё,1385,153.34864194122133,0.11072104111279518,3.317539744486501,1.3345554803192157,44.47653429602888,-31.292624763283015,4.900472334974978,11/12,203.17276774969915,0.0
"720 ч, без разворота",0.0,все 8,2015–20,1198,47.27149160389023,0.039458674126786504,2.5537489378180633,1.2450972770094375,42.73789649415693,-9.249821940214172,5.110529900945931,5/6,212.17125765164164,0.0
"720 ч, без разворота",0.0,все 8,2021–26,1668,75.20426335679137,0.04508648882301641,2.730315719037951,1.2397661677418466,44.12470023980815,-16.898659233659103,4.450309478221677,5/6,160.47295163868904,0.0
"720 ч, без разворота",0.0,все 8,всё,2866,122.47575496068163,0.042734038716218295,3.691122967308533,1.241796081264819,43.5450104675506,-16.774526015081243,7.301294525435117,10/12,182.08306001395673,0.0
"720 ч, без разворота",0.0,ядро 4,2015–20,633,91.8599701721422,0.14511843629090396,3.455374773779833,1.4828684650005295,45.813586097946285,-9.434156417213728,9.736956449495885,5/6,230.75526592943655,0.0
"720 ч, без разворота",0.0,ядро 4,2021–26,756,107.3187468812941,0.14195601439324618,3.079295498983454,1.4444217603845362,44.31216931216932,-17.527676020829777,6.122816667409713,6/6,178.22356701940035,0.0
"720 ч, без разворота",0.0,ядро 4,всё,1389,199.1787170534363,0.14339720450211396,4.545553165836889,1.4613634545341398,44.99640028797696,-17.527676020829787,11.363669480011696,11/12,202.1634989200864,0.0
