модель,год,n,auc,ic,сделок@1.0,нетто@1.0,t@1.0,сделок@0.3,нетто@0.3,t@0.3,сделок@0.1,нетто@0.1,t@0.1,сек,p_std
catboost,2019,5901,0.5176265517853873,0.02173720946364814,591,-0.014039882568834774,-0.43711001822037404,467,-0.02068463369880903,-0.5627810363160345,300,-0.014824700034223526,-0.306614976711592,7,0.013435993281565183
mlp,2019,5901,0.5009457504387655,-0.011033325110022621,591,-0.011089433745501585,-0.34529820433638786,458,-0.07555262276361899,-2.0151941212486317,257,-0.11503563898220545,-2.252255922567946,6,0.020787231624126434
catboost,2020,5907,0.5234094075345831,0.04518133393587204,591,0.030882990535556674,0.43796499913864484,477,-0.05603244167637366,-0.7645780803905253,321,-0.009382068541225887,-0.0945171018603816,3,0.0027197918676348434
mlp,2020,5907,0.5248667256299533,0.027145579076906432,591,-0.002687493486301552,-0.03808897165334988,462,-0.12968590521576176,-1.6393425767316823,282,-0.1787101520060938,-1.6827487603484022,3,0.02293328382074833
catboost,2021,5891,0.5099883945948414,0.027804858162100578,590,-0.005082594925948152,-0.10496773662867825,479,-0.022400842384281656,-0.44131299529332163,313,-0.06818291973673739,-1.077878921509656,3,0.005904938978231243
mlp,2021,5891,0.5296622536617889,0.06886666846261365,590,-0.003613228840848167,-0.07462464017117519,459,-0.016728539342722174,-0.2991709226537636,269,0.035072316051249615,0.47690985899328264,4,0.0412767268717289
catboost,2022,5914,0.5001024729841872,0.0016220792817494326,592,-0.08864220993870217,-1.7107576661397201,463,-0.013752904321282261,-0.23827721324586026,299,-0.02315784654091037,-0.2922732557812204,4,0.007157923476753854
mlp,2022,5914,0.49439332104877437,-0.012613785044455341,592,-0.11610183626388175,-2.24313550898998,457,-0.11330342503040378,-1.8666115135900876,270,-0.1581249798206543,-2.0487166024326338,4,0.028455166146159172
catboost,2023,5141,0.5019871508675813,-0.0005451352439207361,515,-0.11258473662207429,-2.2429898115512037,406,0.05952206969412564,0.9924154241716929,258,0.07379656028327378,0.9550135741494201,4,0.0024751051966849943
mlp,2023,5141,0.48976957827906376,-0.011579819635761764,515,-0.09471161239355518,-1.8852570847975183,395,-0.043288661607222875,-0.6955174950157939,235,0.01641245500957394,0.21230703544979485,5,0.03370187431573868
catboost,2024,5919,0.49839116436946895,-0.009395353740030194,592,-0.05005877541280607,-1.0295081474563124,472,-0.09839373182971033,-1.7573724599052867,303,0.09115645256262306,1.290851910832247,5,0.008883292978850899
mlp,2024,5919,0.5115329449118842,0.0038894525892927577,592,-0.1248643783066183,-2.574498040056916,453,-0.0542429773798562,-0.9479123013669973,273,-0.09569906136355341,-1.2496958481472267,6,0.03314851596951485
catboost,2025,5912,0.5139358922796726,0.022356910521761753,592,-0.08103676414170709,-1.6344811022515444,486,-0.05064846550168109,-0.8141755574874432,319,0.05315308360499692,0.7560899011227774,4,0.0015769765379061852
mlp,2025,5912,0.5089340892179244,0.026580123463570457,592,-0.16921411141429124,-3.4307270162547714,451,-0.11061771891583709,-1.7953048550708675,262,-0.06026428551438006,-0.758115478940293,7,0.03225012496113777
catboost,2026,2398,0.47424296156126566,-0.04549660676176474,239,-0.4962075016903203,-2.395890482877863,192,-0.14927773057483126,-0.605844451205616,124,-0.30704790584382485,-1.057236679806779,5,0.0011083933782771193
mlp,2026,2398,0.47949553298028214,-0.02437409313332741,240,0.016000411630763534,0.07984831354194447,189,-0.2860571445583823,-1.1635188825764557,112,-0.29883865580960556,-0.9931898725413746,7,0.02963690273463726
