группа,признаков,на_обучении,вне_выборки
"волатильность (ATR, ширина канала, размах свечи)",7,22.956019256927018,27.752454170113573
"положение в диапазоне, растяжение, z-оценки",16,13.275861649123174,-3.7008086629906396
тренд-фильтр 4ч,5,13.25336479491188,6.67905117441475
доходности и их лаги,11,7.885165034856574,-8.362010583161007
"время (час, день недели)",3,7.6619535262554646,6.963061221137954
"скользящие средние (отклонение, спред)",10,5.773617439718503,-5.426160606361378
прочее,4,5.722031445774454,4.4586288395707765
MACD,8,5.651442140745832,-0.7679133915730612
RSI,8,5.326472253653997,-3.6112324483466054
ADX / DI,5,4.627748217697376,0.0075125963268277696
эффективность движения (Кауфман),3,4.109573493031222,0.7970048899284043
"свеча (тело, тени, серия)",5,3.756750747304533,0.24359877483736697
