окно,признак,на_обучении,вне_выборки
2018,body_to_range,0.9821641303272667,-7.737583588385277e-05
2018,body_dir,0.2886423957955196,3.098292182124318e-05
2018,upper_wick_ratio,1.150798607980564,-4.071005648853543e-05
2018,lower_wick_ratio,1.1545200923764516,-0.00011294166429243191
2018,close_pos_in_range,0.7857224392727638,-6.0836924663520975e-05
2018,atr_pct,7.4215848004984535,0.001574055965125165
2018,atr_ratio,3.112005218850806,0.00018610220493275875
2018,atr_ema_ratio,1.9629039909509212,-0.00013577887927196386
2018,close_sma_3_ratio,0.8582151387950927,2.703999093323084e-05
2018,close_sma_3_atr,0.6725742285733599,-7.956321474877903e-05
2018,close_sma_7_ratio,0.4526275535520047,-0.0001377020183972455
2018,close_sma_7_atr,1.1651243458738503,-0.00035185569559148533
2018,close_ema_3_ratio,0.0,0.0
2018,close_ema_3_atr,0.8127915435930239,-7.171805941275089e-05
2018,close_ema_7_ratio,0.29930179417283365,-0.00022678901880923696
2018,close_ema_7_atr,1.2453846272248696,-0.00016068700900429
2018,sma_spread_atr,1.6411006273811317,6.130329765285936e-05
2018,ema_spread_atr,0.5530455127675843,-1.6643595854848314e-06
2018,rsi_4,1.298518351400215,-0.00036746817942168164
2018,rsi_z,0.2846264300869755,3.577907960128357e-05
2018,adx_4,0.71041410273571,-7.897117024424638e-05
2018,dmp_4,1.3904572189406676,0.00017673350398772492
2018,dmn_4,1.2917717112850644,-0.00031600203295534257
2018,di_spread,0.8398953101075075,1.1946325211287245e-06
2018,adx_slope,0.557955652949772,-2.9686970603570728e-05
2018,rsi_adx_product,2.2583447383695066,-0.0004469859594815606
2018,macd_atr,0.45118798970622387,3.190910265371549e-05
2018,macd_hist_atr,0.6974725052456584,0.00013793499166570022
2018,macd_diff_atr,0.581080900274853,-0.00012500871819587367
2018,bb_width,0.437679652891632,1.1190553753204213e-05
2018,bb_pos,0.09031071895059155,2.2027151775905196e-05
2018,bb_width_atr,0.7568626006672499,-4.426197239704166e-05
2018,log_return,0.7762351680542514,-2.3609286898373938e-05
2018,candle_range_atr,0.7719785583239606,-0.00014415402535505883
2018,ret_lag_1,0.13495461941492767,-2.897764744602682e-06
2018,ret_lag_1_atr,0.5657335362337306,-3.181129628249124e-05
2018,rsi_lag_1,1.6911655803472823,-0.00018567519028822588
2018,macd_hist_atr_lag_1,0.6934529290591017,-3.496043678508087e-05
2018,ret_lag_2,0.6628550730682322,-2.4150969808456324e-05
2018,ret_lag_2_atr,0.2289435750793608,-5.28095149601171e-05
2018,rsi_lag_2,1.075171542675236,-0.0001244216771105755
2018,macd_hist_atr_lag_2,0.37469729668583185,0.00014063238322004068
2018,ret_lag_5,0.4041539128142019,5.002981668722484e-06
2018,ret_lag_5_atr,1.4221560145826,-0.00029936450829759487
2018,rsi_lag_5,0.2617967321232071,-9.565331837046998e-06
2018,macd_hist_atr_lag_5,3.5332680451584486,-0.0003948936792890212
2018,ret_lag_8,1.345953582482135,-0.0005644724268270007
2018,ret_lag_8_atr,0.4257835914622637,-8.731787090487941e-05
2018,rsi_lag_8,0.7074941001111108,-1.554083771204695e-05
2018,macd_hist_atr_lag_8,2.043718329606597,2.112211204763348e-05
2018,ret_lag_13,1.4443499369891444,-5.358727215898362e-05
2018,ret_lag_13_atr,1.6513265329199511,0.00020282064487719964
2018,rsi_lag_13,1.5533234170322388,0.0002549503882871562
2018,macd_hist_atr_lag_13,2.2629545087863567,0.00019712227227053347
2018,hour_sin,1.0304300401702882,-8.460351278083422e-05
2018,hour_cos,1.4299510402924756,0.00017923162956789973
2018,dow,3.797953916459957,-0.0008347854112906727
2018,ext_from_low_6,1.1379121330521151,-0.00014157240406320604
2018,ext_from_high_6,0.38780932407741564,2.89930245218617e-05
2018,runup_6,0.42886805213703527,2.4319386620064165e-06
2018,er_6,0.6702091270793187,-1.8276920232818128e-06
2018,z_close_6,0.8788769735325237,-0.00026772958704102123
2018,ext_from_low_12,0.6373511318091748,5.337260956750356e-05
2018,ext_from_high_12,0.3331996991111178,6.1312921753042815e-06
2018,runup_12,0.6350922552391972,-0.00012848750760863226
2018,er_12,0.7818198222846696,-4.260460979610414e-05
2018,z_close_12,0.29103832302333427,-6.883321294814948e-05
2018,ext_from_low_24,1.7398234056413098,-0.00023090716378293408
2018,ext_from_high_24,1.7927106533523427,-0.00023062381453842207
2018,runup_24,1.0912070914687444,-0.0002681104863280215
2018,er_24,1.0003952286388227,-1.0800956697032404e-05
2018,z_close_24,0.7598490607956863,0.00013813499878767566
2018,candle_streak,0.12202770333736737,4.62304460335794e-05
2018,bars_since_new_high,2.0754480031126437,0.0003301924765510833
2018,bars_since_new_low,1.536533273179348,-0.00021460780908766353
2018,bb_width_pct,0.7636072349868853,-0.0001115727796916488
2018,rel_vol_20,1.082056104359864,-8.77200078197582e-05
2018,rel_vol_50,1.7892884148783772,-4.645241992173865e-05
2018,vol_x_body,2.9683201699120776,-0.0002991245983945401
2018,vol_trend,1.190606591510605,5.5693818019841856e-05
2018,trend_4h,0.34123698032527233,-0.00013020286238618617
2018,adx_4h,2.2425846282887885,0.00019591493292359097
2018,adx_slope_4h,1.4400926441955202,-7.05007855819062e-05
2018,slope_atr_4h,4.817427319141318,0.0003806065088782784
2018,trend_age_4h,0.5697221399981651,-0.00014573630337832988
2019,body_to_range,1.4748630890673602,-1.6304865734895202e-05
2019,body_dir,2.698314937924481,-2.3074022651004e-05
2019,upper_wick_ratio,1.0462094681651894,3.787802083987657e-06
2019,lower_wick_ratio,1.2128047162657534,4.397718667226158e-06
2019,close_pos_in_range,0.0,0.0
2019,atr_pct,9.771179236140238,0.000754616588172663
2019,atr_ratio,2.301506928953582,5.918042602215401e-05
2019,atr_ema_ratio,1.36752194822741,-2.1295747357541472e-05
2019,close_sma_3_ratio,1.5231912027282923,-4.1473774167855026e-05
2019,close_sma_3_atr,2.855493577303612,-0.00011107240723462475
2019,close_sma_7_ratio,0.0,0.0
2019,close_sma_7_atr,0.0,0.0
2019,close_ema_3_ratio,0.0,0.0
2019,close_ema_3_atr,0.3741196183341202,1.3334711879808836e-05
2019,close_ema_7_ratio,0.0,0.0
2019,close_ema_7_atr,0.3815584064361405,-4.996026813586241e-06
2019,sma_spread_atr,5.3949959902111715,-0.00015182459625551203
2019,ema_spread_atr,0.0,0.0
2019,rsi_4,0.0,0.0
2019,rsi_z,0.0,0.0
2019,adx_4,1.5875941509478624,-8.1289411340002e-06
2019,dmp_4,0.96547055604382,3.7439351099788354e-05
2019,dmn_4,0.7834344162521342,4.262959468515071e-05
2019,di_spread,3.0040570984438433,5.740653278674124e-05
2019,adx_slope,0.0,0.0
2019,rsi_adx_product,0.0,0.0
2019,macd_atr,0.0,0.0
2019,macd_hist_atr,0.0,0.0
2019,macd_diff_atr,0.9934203857479573,2.8180658197429764e-05
2019,bb_width,1.391149331642884,2.1606709626809106e-05
2019,bb_pos,1.276834667617146,1.1582864758885592e-05
2019,bb_width_atr,1.4622998040368493,5.551575475326587e-06
2019,log_return,0.0,0.0
2019,candle_range_atr,0.0,0.0
2019,ret_lag_1,0.8803704993131156,-5.9427292031344336e-05
2019,ret_lag_1_atr,0.0,0.0
2019,rsi_lag_1,0.0,0.0
2019,macd_hist_atr_lag_1,0.0,0.0
2019,ret_lag_2,0.8104801451094722,-1.3264158863934838e-05
2019,ret_lag_2_atr,1.0019389696878855,1.2011205536621716e-05
2019,rsi_lag_2,0.0,0.0
2019,macd_hist_atr_lag_2,2.3527844741245403,3.0049296401823966e-05
2019,ret_lag_5,1.8619568055448874,-1.57230522348506e-05
2019,ret_lag_5_atr,1.656881918654368,-0.000131723103839132
2019,rsi_lag_5,0.0,0.0
2019,macd_hist_atr_lag_5,0.9838844363640336,4.725100795077708e-05
2019,ret_lag_8,0.0,0.0
2019,ret_lag_8_atr,0.0,0.0
2019,rsi_lag_8,0.0,0.0
2019,macd_hist_atr_lag_8,0.0,0.0
2019,ret_lag_13,0.0,0.0
2019,ret_lag_13_atr,4.629459777633486,0.00016618999322504102
2019,rsi_lag_13,0.0,0.0
2019,macd_hist_atr_lag_13,1.6059906029845408,3.525270066706554e-05
2019,hour_sin,1.1523982735172202,2.8636808378834644e-05
2019,hour_cos,1.1995478659914953,2.2421544569217744e-05
2019,dow,5.203152365721595,0.0001511580202835372
2019,ext_from_low_6,0.0,0.0
2019,ext_from_high_6,0.0,0.0
2019,runup_6,0.0,0.0
2019,er_6,0.6829308844101705,1.0032108022306474e-05
2019,z_close_6,0.0,0.0
2019,ext_from_low_12,1.502553986904155,3.822085063909242e-05
2019,ext_from_high_12,0.0,0.0
2019,runup_12,0.0,0.0
2019,er_12,0.0,0.0
2019,z_close_12,2.2342368899501057,-7.809166004935086e-05
2019,ext_from_low_24,0.0,0.0
2019,ext_from_high_24,0.0,0.0
2019,runup_24,0.6711535887555825,-1.94085311993053e-05
2019,er_24,2.439452040124126,4.9678142870268616e-05
2019,z_close_24,2.82443464866147,9.528054574459155e-05
2019,candle_streak,0.0,0.0
2019,bars_since_new_high,4.56418785244854,-0.00018412488875552135
2019,bars_since_new_low,0.28617565473658785,-3.228004769306736e-05
2019,bb_width_pct,0.0,0.0
2019,rel_vol_20,2.1776573157954773,1.463666075207648e-05
2019,rel_vol_50,0.0,0.0
2019,vol_x_body,2.2010922543884246,3.5810917192513614e-05
2019,vol_trend,3.4627653240142298,-2.069401758553191e-05
2019,trend_4h,0.0,0.0
2019,adx_4h,6.299510501352969,0.00017998895959636663
2019,adx_slope_4h,3.3630725376949817,-2.1635915697704178e-05
2019,slope_atr_4h,2.085910855626702,-6.464367069591859e-05
2019,trend_age_4h,0.0,0.0
2020,body_to_range,0.6262010931283677,5.064139734223261e-06
2020,body_dir,0.42683799295070135,3.5928486884717614e-05
2020,upper_wick_ratio,0.902318499974649,-4.6420295350069196e-05
2020,lower_wick_ratio,1.0380500741260346,-2.2941364307582646e-05
2020,close_pos_in_range,0.7606009265689446,1.4986041089848356e-05
2020,atr_pct,11.6699012248665,-0.0008554449536746223
2020,atr_ratio,4.272309319771245,0.00021804023913829518
2020,atr_ema_ratio,3.2721833235394793,0.00012570712050430366
2020,close_sma_3_ratio,0.6838051538700413,-7.233492191560664e-05
2020,close_sma_3_atr,0.0,0.0
2020,close_sma_7_ratio,0.0,0.0
2020,close_sma_7_atr,0.7582318059233949,-0.00014735752385597323
2020,close_ema_3_ratio,0.0,0.0
2020,close_ema_3_atr,1.0149921122703203,-0.00018993992691895834
2020,close_ema_7_ratio,0.41407297271686183,5.6623800815724934e-05
2020,close_ema_7_atr,0.40489303588408015,-5.9960657404767304e-05
2020,sma_spread_atr,0.8349908155254686,0.000177714709934218
2020,ema_spread_atr,1.2992262546272166,-1.505930353262741e-05
2020,rsi_4,1.2654970453697443,7.640154312404945e-05
2020,rsi_z,1.052436982461458,8.35650450214942e-06
2020,adx_4,1.365400357083961,8.66606688108007e-05
2020,dmp_4,0.739310282039602,1.0486169341739071e-05
2020,dmn_4,1.563360904654736,0.00010524641389886291
2020,di_spread,1.544593349242232,-8.96758393003072e-05
2020,adx_slope,1.3396766748662234,-9.673170386026442e-05
2020,rsi_adx_product,1.612323252528936,1.6330416513277157e-05
2020,macd_atr,0.7157063426264746,-0.00015928014073174346
2020,macd_hist_atr,0.8340914655712566,2.435825215085785e-06
2020,macd_diff_atr,0.40958648749659504,-7.649307091739388e-06
2020,bb_width,0.17182763909960597,-5.5715304685177713e-05
2020,bb_pos,0.35439657177217326,4.5660694112381606e-06
2020,bb_width_atr,1.1717668361957547,-0.00010175120817756955
2020,log_return,0.31307505160447674,1.8506187879019365e-05
2020,candle_range_atr,0.5049612828900784,-8.742698296559936e-05
2020,ret_lag_1,0.0,0.0
2020,ret_lag_1_atr,0.43178719905847346,1.8863844353012027e-05
2020,rsi_lag_1,0.59675636700506,0.0001276254291584511
2020,macd_hist_atr_lag_1,0.4714326365973092,-2.30987716189901e-05
2020,ret_lag_2,0.987888822994712,-0.00017049543200320372
2020,ret_lag_2_atr,0.2905856924301327,-0.00013212901456571835
2020,rsi_lag_2,0.9257724769180178,4.18210764523419e-05
2020,macd_hist_atr_lag_2,1.7059668707189972,-1.4671979634561794e-05
2020,ret_lag_5,0.7830800858228847,1.083347061392459e-06
2020,ret_lag_5_atr,0.3638546019233543,1.7854506574099815e-05
2020,rsi_lag_5,0.0,0.0
2020,macd_hist_atr_lag_5,1.3651210834342982,0.00010745395967770577
2020,ret_lag_8,0.2673921999646791,-8.816179280057845e-05
2020,ret_lag_8_atr,0.0,0.0
2020,rsi_lag_8,0.0,0.0
2020,macd_hist_atr_lag_8,0.4164974029794654,2.4456615075330035e-05
2020,ret_lag_13,1.924767635872096,-0.0007176793982182073
2020,ret_lag_13_atr,3.017509962933747,-0.00017475471021732858
2020,rsi_lag_13,0.33985865976656093,1.4058672381356274e-05
2020,macd_hist_atr_lag_13,0.7454877282083152,-7.967291855104364e-05
2020,hour_sin,2.2884896440140996,1.0522884880570516e-05
2020,hour_cos,0.7993721668154257,0.00015074212222043748
2020,dow,3.5285778351667307,-0.0003878275572641865
2020,ext_from_low_6,0.0,0.0
2020,ext_from_high_6,0.9449704338185322,0.00014491283710338365
2020,runup_6,0.9547202167637453,0.00014015803114864056
2020,er_6,0.9735559950352712,2.4760745423568764e-05
2020,z_close_6,0.78487649129604,7.456248201975768e-06
2020,ext_from_low_12,0.8787797651587179,-3.4963386538411356e-05
2020,ext_from_high_12,1.5184077776415275,-0.0002209364266851921
2020,runup_12,0.4928388414525944,-5.584968478999919e-05
2020,er_12,1.8590813081431812,3.577713611901956e-05
2020,z_close_12,0.5579760095396313,-1.2688844703845348e-06
2020,ext_from_low_24,1.256175489862371,1.822390395700424e-06
2020,ext_from_high_24,1.1141639234964626,-0.00019092170748336024
2020,runup_24,1.3998953028264776,-0.00023056508839980339
2020,er_24,0.4467332925987815,-1.660608995068813e-05
2020,z_close_24,1.017560187442149,0.00011940402939525363
2020,candle_streak,0.11827507771059236,6.564113266716021e-06
2020,bars_since_new_high,2.526297390140301,-0.00041825765214076327
2020,bars_since_new_low,1.1418179203014813,-0.000127140037392115
2020,bb_width_pct,0.8281698037281734,4.585105746990337e-05
2020,rel_vol_20,0.5245310958591716,3.840515303221714e-05
2020,rel_vol_50,1.6120674708431433,0.00020276638747285247
2020,vol_x_body,0.9090112073722609,7.867699887587065e-06
2020,vol_trend,2.3908118899779316,0.0005933548717869108
2020,trend_4h,0.8469249653948068,-0.0001308267247357442
2020,adx_4h,6.783872634282616,-0.0002055646188037219
2020,adx_slope_4h,1.8264586875182365,-2.623799885137501e-06
2020,slope_atr_4h,1.6020563032374264,-1.3620749925058462e-05
2020,trend_age_4h,0.10314631468743443,3.339507660515828e-05
2021,body_to_range,0.6138171965283306,6.63853737865594e-05
2021,body_dir,0.9627658058557168,2.1652972223451528e-05
2021,upper_wick_ratio,0.0,0.0
2021,lower_wick_ratio,2.053084632813017,-6.731953865468654e-07
2021,close_pos_in_range,0.0,0.0
2021,atr_pct,11.395056407400482,0.0004878725821495511
2021,atr_ratio,8.400886879696813,0.00017365968009652732
2021,atr_ema_ratio,3.381711176144851,-3.250855900649441e-05
2021,close_sma_3_ratio,0.0,0.0
2021,close_sma_3_atr,0.0,0.0
2021,close_sma_7_ratio,0.0,0.0
2021,close_sma_7_atr,1.1754225836329906,1.371417894358018e-05
2021,close_ema_3_ratio,0.0,0.0
2021,close_ema_3_atr,0.5399852339730519,-2.9559112683763544e-05
2021,close_ema_7_ratio,0.0,0.0
2021,close_ema_7_atr,0.6332652433074615,6.068840303186107e-06
2021,sma_spread_atr,1.6561779576205335,-5.952714672341486e-05
2021,ema_spread_atr,0.9222753822424958,7.354594448338858e-06
2021,rsi_4,0.9313842699108204,5.6009169628667976e-05
2021,rsi_z,0.0,0.0
2021,adx_4,0.0,0.0
2021,dmp_4,1.4591699939301697,-2.326987457035301e-05
2021,dmn_4,0.9702916478939785,2.545289395361472e-05
2021,di_spread,1.0999460148036149,-3.6959125851554475e-05
2021,adx_slope,1.5928859839201785,-5.6026997838687365e-05
2021,rsi_adx_product,0.6720079517860363,-2.2638171643940552e-06
2021,macd_atr,0.0,0.0
2021,macd_hist_atr,0.0,0.0
2021,macd_diff_atr,1.592781268298806,8.425183699012351e-05
2021,bb_width,1.668412868306614,-3.276189178658129e-05
2021,bb_pos,1.4951712176633325,-7.36946757553536e-05
2021,bb_width_atr,1.6364560291140537,-2.055217529273179e-05
2021,log_return,0.2671356955445411,-1.4271788862263435e-05
2021,candle_range_atr,0.0,0.0
2021,ret_lag_1,0.0,0.0
2021,ret_lag_1_atr,0.7160487549004013,2.197962703132106e-05
2021,rsi_lag_1,0.9298433196665353,3.662649580493671e-05
2021,macd_hist_atr_lag_1,1.762058180485675,-3.541405583940005e-05
2021,ret_lag_2,0.564275952766054,-6.35302825726658e-05
2021,ret_lag_2_atr,0.0,0.0
2021,rsi_lag_2,0.0,0.0
2021,macd_hist_atr_lag_2,0.9194181257578582,-9.748187309588374e-06
2021,ret_lag_5,0.0,0.0
2021,ret_lag_5_atr,2.0917542146299017,-0.00018060251066742694
2021,rsi_lag_5,0.0,0.0
2021,macd_hist_atr_lag_5,0.0,0.0
2021,ret_lag_8,1.0680243701266572,1.8881512724444605e-06
2021,ret_lag_8_atr,0.917820012305758,-1.3695178600059421e-06
2021,rsi_lag_8,3.6264744640910034,-0.0001233671531468694
2021,macd_hist_atr_lag_8,0.6843105860883247,-7.203271657596488e-05
2021,ret_lag_13,0.0,0.0
2021,ret_lag_13_atr,2.4301398885527408,-0.0001021138815786582
2021,rsi_lag_13,0.7990164584497265,2.9847702951446564e-06
2021,macd_hist_atr_lag_13,3.1053110069232424,0.00014887307295130547
2021,hour_sin,0.4927599842469891,5.516831891139162e-05
2021,hour_cos,0.0,0.0
2021,dow,1.3265809791448946,-3.371549327413348e-05
2021,ext_from_low_6,0.0,0.0
2021,ext_from_high_6,1.595350075429147,3.736391431941044e-05
2021,runup_6,0.3151658166519333,-2.7443331261478576e-05
2021,er_6,1.582000360251866,-2.122994763920083e-05
2021,z_close_6,0.0,0.0
2021,ext_from_low_12,0.7687392923354871,1.998712887285592e-05
2021,ext_from_high_12,0.44998178747979073,-2.715005503928225e-05
2021,runup_12,1.6526293405998342,-7.64191177227147e-07
2021,er_12,2.0143038618861637,9.097034141625215e-05
2021,z_close_12,0.6826793716528987,-6.259229336325056e-05
2021,ext_from_low_24,0.5678788853683915,-2.300754219319856e-05
2021,ext_from_high_24,0.0,0.0
2021,runup_24,0.8799933626362763,4.8778717392616855e-05
2021,er_24,1.2158693101332538,-4.425019810527786e-05
2021,z_close_24,0.0,0.0
2021,candle_streak,0.0,0.0
2021,bars_since_new_high,2.805428905891448,3.268290351243763e-05
2021,bars_since_new_low,1.0254401439535548,-1.5342841927390438e-05
2021,bb_width_pct,0.3291147650823266,-1.2474886090796389e-06
2021,rel_vol_20,0.867206542935996,3.504907983797878e-05
2021,rel_vol_50,0.5038513397501204,-3.2827361252874e-05
2021,vol_x_body,0.38946925094818036,7.75939788266733e-06
2021,vol_trend,2.2739413699591706,0.00020107871830954416
2021,trend_4h,0.6059616575156478,-1.1941559349137876e-05
2021,adx_4h,5.152516035889623,5.327542149569098e-05
2021,adx_slope_4h,1.5085184654275288,7.916346445391298e-05
2021,slope_atr_4h,5.533225122426295,0.00012963731661597144
2021,trend_age_4h,0.7268071972714562,-0.00012437350947092085
2022,body_to_range,2.700216213976443,1.4316689541216121e-05
2022,body_dir,1.4185055582261068,-1.4626172569087714e-05
2022,upper_wick_ratio,0.0,0.0
2022,lower_wick_ratio,0.0,0.0
2022,close_pos_in_range,0.0,0.0
2022,atr_pct,11.972432245376423,6.808239762823298e-05
2022,atr_ratio,7.1139469303658665,0.0007760435415997691
2022,atr_ema_ratio,3.4753279384424416,-6.249225812204884e-05
2022,close_sma_3_ratio,0.0,0.0
2022,close_sma_3_atr,0.8623015942965724,3.1707423926441436e-06
2022,close_sma_7_ratio,0.0,0.0
2022,close_sma_7_atr,1.2275686086505702,-2.267808867806309e-06
2022,close_ema_3_ratio,0.0,0.0
2022,close_ema_3_atr,1.1099033571250732,-3.893981796720958e-05
2022,close_ema_7_ratio,0.0,0.0
2022,close_ema_7_atr,1.0641151161497922,9.217248266857325e-06
2022,sma_spread_atr,1.9877146015289988,1.0752293556848258e-05
2022,ema_spread_atr,0.7197637423137129,-5.3163707349979106e-05
2022,rsi_4,1.0478398260423423,-5.404812136955428e-06
2022,rsi_z,1.1452347244004544,-9.672374408165041e-05
2022,adx_4,0.0,0.0
2022,dmp_4,0.0,0.0
2022,dmn_4,0.7620676721498332,-3.848234845493792e-05
2022,di_spread,1.2556013013904488,8.528554698017388e-07
2022,adx_slope,0.0,0.0
2022,rsi_adx_product,1.1203182559405993,-6.282100277665847e-05
2022,macd_atr,0.0,0.0
2022,macd_hist_atr,0.0,0.0
2022,macd_diff_atr,0.700242911273218,-3.792777536393288e-05
2022,bb_width,0.0,0.0
2022,bb_pos,1.1153179370079866,-3.945901180690825e-05
2022,bb_width_atr,1.7603578464365282,5.2068513439307296e-05
2022,log_return,0.0,0.0
2022,candle_range_atr,0.0,0.0
2022,ret_lag_1,1.0231127529049457,-1.8579302220489424e-05
2022,ret_lag_1_atr,1.0457855169096508,4.080183697352524e-06
2022,rsi_lag_1,2.9904057367198833,-0.0001552849278021462
2022,macd_hist_atr_lag_1,1.619820892378523,-1.3516090134890746e-05
2022,ret_lag_2,0.0,0.0
2022,ret_lag_2_atr,0.0,0.0
2022,rsi_lag_2,0.0,0.0
2022,macd_hist_atr_lag_2,0.0,0.0
2022,ret_lag_5,0.0,0.0
2022,ret_lag_5_atr,1.8009737542922457,1.1477242779056596e-05
2022,rsi_lag_5,0.0,0.0
2022,macd_hist_atr_lag_5,0.0,0.0
2022,ret_lag_8,0.0,0.0
2022,ret_lag_8_atr,1.5169339001072035,-1.024115916314905e-05
2022,rsi_lag_8,2.2917172324939017,5.555459014217057e-05
2022,macd_hist_atr_lag_8,1.1351936298425216,8.037033158991846e-07
2022,ret_lag_13,0.0,0.0
2022,ret_lag_13_atr,0.8648416922111773,9.618675032552204e-05
2022,rsi_lag_13,0.0,0.0
2022,macd_hist_atr_lag_13,1.6469701020322587,-6.71507062199872e-06
2022,hour_sin,2.3803522769982335,-1.1374899892890866e-05
2022,hour_cos,4.32805861036647,-0.00020323267999944328
2022,dow,0.0,0.0
2022,ext_from_low_6,0.0,0.0
2022,ext_from_high_6,0.7247776782194416,-3.5487484005392034e-05
2022,runup_6,0.0,0.0
2022,er_6,2.6960373221402265,-6.151818114941143e-05
2022,z_close_6,0.0,0.0
2022,ext_from_low_12,1.05434070662085,-2.0673014680117063e-05
2022,ext_from_high_12,0.0,0.0
2022,runup_12,1.630454847450482,4.37901446141975e-05
2022,er_12,1.4879524609554935,1.6987235823107127e-05
2022,z_close_12,0.0,0.0
2022,ext_from_low_24,1.39363996149707,1.7667808807075858e-06
2022,ext_from_high_24,0.0,0.0
2022,runup_24,0.0,0.0
2022,er_24,0.0,0.0
2022,z_close_24,0.0,0.0
2022,candle_streak,0.0,0.0
2022,bars_since_new_high,1.248527300742904,-2.5818017293621764e-05
2022,bars_since_new_low,0.0,0.0
2022,bb_width_pct,2.1987842284324275,-3.829166378199744e-05
2022,rel_vol_20,1.8095911934180562,-2.5602952171466242e-05
2022,rel_vol_50,0.0,0.0
2022,vol_x_body,0.0,0.0
2022,vol_trend,4.861104316068902,0.0002020325351852481
2022,trend_4h,0.0,0.0
2022,adx_4h,5.338913275707245,1.4691344658146477e-05
2022,adx_slope_4h,5.728699962564051,0.0002520569760042779
2022,slope_atr_4h,3.4138952764462727,0.00022195776177635906
2022,trend_age_4h,1.2103389913861462,7.166381650103304e-06
2023,body_to_range,1.3889841311889917,2.502707826801398e-05
2023,body_dir,0.21749881506959673,-5.817309636002577e-06
2023,upper_wick_ratio,0.9340310451452982,-1.2116712390319861e-05
2023,lower_wick_ratio,1.1447390143166476,1.9511598318588952e-05
2023,close_pos_in_range,0.798963270221178,-7.707671519363579e-05
2023,atr_pct,6.093773340176588,0.0006857633231953653
2023,atr_ratio,5.882335658807736,-4.125877537397571e-07
2023,atr_ema_ratio,1.7983092904421465,-5.470319358047426e-05
2023,close_sma_3_ratio,0.28087796527909265,-1.8497473606604586e-05
2023,close_sma_3_atr,0.32598147910240244,-1.547156019987561e-05
2023,close_sma_7_ratio,0.23515874854116325,-9.218298003821346e-06
2023,close_sma_7_atr,0.8426627556443748,6.293479986352324e-05
2023,close_ema_3_ratio,0.5134305180125507,1.894018168235867e-05
2023,close_ema_3_atr,0.4391886207673338,-7.3692968258765035e-06
2023,close_ema_7_ratio,0.07713621895858636,6.812472082895482e-06
2023,close_ema_7_atr,0.5504067605365349,1.8280464999742563e-05
2023,sma_spread_atr,0.851018106005384,-0.0001537061358429792
2023,ema_spread_atr,0.2312998103294337,3.694671749876477e-06
2023,rsi_4,0.713500135994431,-0.00017404560750811093
2023,rsi_z,1.1073202516524472,-0.00010468794404694393
2023,adx_4,1.3621023967463017,-0.00010490409046903793
2023,dmp_4,1.6567794019770836,-2.8718375116421058e-05
2023,dmn_4,1.359521664099107,0.0001453080414517416
2023,di_spread,1.072200386826322,0.0002586531117325652
2023,adx_slope,0.7676585845771959,0.00015300148100849675
2023,rsi_adx_product,0.9383876319490012,-0.00020065698426119383
2023,macd_atr,0.0,0.0
2023,macd_hist_atr,0.48182004171908854,-1.1847522595420656e-05
2023,macd_diff_atr,0.6293258963245318,-7.31712188510869e-05
2023,bb_width,0.8028092000185649,1.8728001099921343e-05
2023,bb_pos,0.5821437641204494,-7.729711738613254e-05
2023,bb_width_atr,0.7540381644326607,-0.00019560823472541955
2023,log_return,1.0342055173007807,1.0598487578450388e-05
2023,candle_range_atr,0.7694036193679187,-3.1336037737084155e-05
2023,ret_lag_1,0.5101255103375453,-2.5787353323147855e-05
2023,ret_lag_1_atr,0.8541875238881996,-9.336468230869421e-05
2023,rsi_lag_1,1.3984445856252699,-4.8012477934955555e-05
2023,macd_hist_atr_lag_1,0.3055498682636639,-1.1584029240285787e-06
2023,ret_lag_2,0.7178597230705908,-2.1850645841814398e-05
2023,ret_lag_2_atr,0.4397198392673362,-3.9519035983648365e-06
2023,rsi_lag_2,0.627200215645953,2.739535795259762e-05
2023,macd_hist_atr_lag_2,0.7322216933602828,-0.00011107843944513363
2023,ret_lag_5,0.6825301672558663,-4.612703550743724e-05
2023,ret_lag_5_atr,0.703386769941454,2.5547759026967043e-05
2023,rsi_lag_5,0.3317157074312556,2.2943474799586028e-05
2023,macd_hist_atr_lag_5,1.4195930535487762,-2.31176072611472e-05
2023,ret_lag_8,0.6575705903986233,-9.525588812375752e-05
2023,ret_lag_8_atr,0.25456491993695995,2.933722941733663e-05
2023,rsi_lag_8,1.6394637926983546,-4.9002454707958165e-05
2023,macd_hist_atr_lag_8,0.6095643797599681,-0.0001175201426872885
2023,ret_lag_13,0.8083165834686611,-3.615983165272674e-05
2023,ret_lag_13_atr,0.8752369142497537,5.5997317893297094e-05
2023,rsi_lag_13,1.4947367061895198,0.00011158633065577739
2023,macd_hist_atr_lag_13,1.8582536869636817,-0.00023258797419845045
2023,hour_sin,3.3338733781007277,0.0002448795534590875
2023,hour_cos,1.4256861432330712,0.0002537474880586199
2023,dow,2.3490655228019337,-0.00023641299695986717
2023,ext_from_low_6,1.2070520382159078,0.0002759599178441263
2023,ext_from_high_6,1.133667988926172,-2.8026966987004798e-05
2023,runup_6,0.6229762025225224,7.126491374132016e-06
2023,er_6,1.1235540162331488,-0.00011191025138934663
2023,z_close_6,0.3198210537936278,-7.829570693251853e-05
2023,ext_from_low_12,0.599450315912851,0.00010835997342750758
2023,ext_from_high_12,0.9212070862943346,0.0002688433700965831
2023,runup_12,0.7295061323990316,-9.657213127378661e-05
2023,er_12,1.4283509373008638,0.00033513182327649105
2023,z_close_12,0.44274370073424535,-1.1567540171286694e-05
2023,ext_from_low_24,0.9561116605284592,-3.9714872343221685e-05
2023,ext_from_high_24,1.36218377599183,0.0002537287773669572
2023,runup_24,1.4565016130858983,0.00019674651976009372
2023,er_24,1.7765852485657463,1.070164639238591e-05
2023,z_close_24,0.8383485165545335,0.0001599958260110057
2023,candle_streak,0.2753193658290494,-2.9918442316922977e-06
2023,bars_since_new_high,1.0666103565155292,-0.00010239873865325322
2023,bars_since_new_low,1.5516317303439449,0.00019318138984014688
2023,bb_width_pct,1.1782868944695992,5.400768519780996e-05
2023,rel_vol_20,1.3599290307948808,0.00011923258684753968
2023,rel_vol_50,1.4667183337935807,-2.168105303934631e-05
2023,vol_x_body,1.077727289430444,-0.00018697822693902744
2023,vol_trend,3.4695817073140462,-8.350680096880225e-05
2023,trend_4h,0.7607217287255813,0.00010826695892518501
2023,adx_4h,4.064731223707225,0.00046348126721285077
2023,adx_slope_4h,3.3491389319451277,-0.00019402591078865328
2023,slope_atr_4h,2.705589427117975,4.607720927540804e-05
2023,trend_age_4h,2.0900742118654696,0.0006302488569835951
2024,body_to_range,2.429697400051869,2.8330903378170902e-05
2024,body_dir,0.0,0.0
2024,upper_wick_ratio,2.3153727740098216,3.221350882487428e-05
2024,lower_wick_ratio,0.0,0.0
2024,close_pos_in_range,0.0,0.0
2024,atr_pct,10.202288868436549,0.0005725278777497511
2024,atr_ratio,16.20727533411833,0.0006647888684740977
2024,atr_ema_ratio,4.680211671184744,4.518935173636329e-05
2024,close_sma_3_ratio,0.0,0.0
2024,close_sma_3_atr,0.0,0.0
2024,close_sma_7_ratio,0.0,0.0
2024,close_sma_7_atr,0.0,0.0
2024,close_ema_3_ratio,0.0,0.0
2024,close_ema_3_atr,1.2011483854061875,2.188887039378251e-05
2024,close_ema_7_ratio,0.0,0.0
2024,close_ema_7_atr,2.039051917432992,3.4218694174636965e-05
2024,sma_spread_atr,0.0,0.0
2024,ema_spread_atr,0.0,0.0
2024,rsi_4,0.0,0.0
2024,rsi_z,0.0,0.0
2024,adx_4,0.0,0.0
2024,dmp_4,0.0,0.0
2024,dmn_4,0.0,0.0
2024,di_spread,0.0,0.0
2024,adx_slope,0.0,0.0
2024,rsi_adx_product,0.0,0.0
2024,macd_atr,0.0,0.0
2024,macd_hist_atr,0.0,0.0
2024,macd_diff_atr,0.0,0.0
2024,bb_width,3.64697331590789,3.6767161068373966e-05
2024,bb_pos,0.0,0.0
2024,bb_width_atr,0.0,0.0
2024,log_return,0.0,0.0
2024,candle_range_atr,0.0,0.0
2024,ret_lag_1,0.0,0.0
2024,ret_lag_1_atr,0.0,0.0
2024,rsi_lag_1,0.0,0.0
2024,macd_hist_atr_lag_1,0.0,0.0
2024,ret_lag_2,0.0,0.0
2024,ret_lag_2_atr,1.2755046768187028,2.9290144068827573e-05
2024,rsi_lag_2,0.0,0.0
2024,macd_hist_atr_lag_2,0.0,0.0
2024,ret_lag_5,0.0,0.0
2024,ret_lag_5_atr,0.0,0.0
2024,rsi_lag_5,0.0,0.0
2024,macd_hist_atr_lag_5,0.0,0.0
2024,ret_lag_8,0.0,0.0
2024,ret_lag_8_atr,0.0,0.0
2024,rsi_lag_8,0.0,0.0
2024,macd_hist_atr_lag_8,0.0,0.0
2024,ret_lag_13,0.0,0.0
2024,ret_lag_13_atr,4.059831638493599,9.090058482330576e-05
2024,rsi_lag_13,1.6585171488600479,-2.8574934421987663e-05
2024,macd_hist_atr_lag_13,0.0,0.0
2024,hour_sin,3.802290736075834,1.5988726393745267e-05
2024,hour_cos,0.0,0.0
2024,dow,0.0,0.0
2024,ext_from_low_6,0.0,0.0
2024,ext_from_high_6,3.7219334739400876,2.0095874002645786e-05
2024,runup_6,0.0,0.0
2024,er_6,0.0,0.0
2024,z_close_6,0.0,0.0
2024,ext_from_low_12,1.627368337166542,0.00010502228315023565
2024,ext_from_high_12,1.0314870029254835,4.591808344600601e-05
2024,runup_12,0.0,0.0
2024,er_12,4.277770234975036,2.156860385049697e-05
2024,z_close_12,3.1503383672010403,7.349986047255896e-05
2024,ext_from_low_24,0.0,0.0
2024,ext_from_high_24,0.0,0.0
2024,runup_24,0.0,0.0
2024,er_24,3.1100903523687804,-4.854174399882005e-05
2024,z_close_24,0.0,0.0
2024,candle_streak,0.0,0.0
2024,bars_since_new_high,1.9166532031580368,-1.012429646674029e-05
2024,bars_since_new_low,3.0269539675450634,8.474779075839933e-05
2024,bb_width_pct,1.155176257515786,1.2614989071568772e-05
2024,rel_vol_20,0.0,0.0
2024,rel_vol_50,0.0,0.0
2024,vol_x_body,2.548390335861399,2.54545825915109e-05
2024,vol_trend,0.0,0.0
2024,trend_4h,5.361871145102148,0.00012835239317054992
2024,adx_4h,7.301183284540897,-0.00012313821746001707
2024,adx_slope_4h,4.231111272147697,-2.0796377468323968e-05
2024,slope_atr_4h,0.0,0.0
2024,trend_age_4h,4.021508898755459,6.510819277805169e-05
2025,body_to_range,0.38122834233138836,2.069226100331889e-05
2025,body_dir,0.0,0.0
2025,upper_wick_ratio,0.7505172636631531,2.8814583964642537e-05
2025,lower_wick_ratio,0.5091878120064837,1.3495924648498914e-05
2025,close_pos_in_range,0.19634173524296766,-5.277890431809595e-06
2025,atr_pct,10.664556866117564,0.0008499227199523229
2025,atr_ratio,11.97248109227326,0.0025769603823369014
2025,atr_ema_ratio,1.509982512292523,0.00014303729518916342
2025,close_sma_3_ratio,0.0,0.0
2025,close_sma_3_atr,0.36003936414513,3.514212621524848e-05
2025,close_sma_7_ratio,0.27801509705677835,-2.7127992676456714e-05
2025,close_sma_7_atr,0.5151034709089728,-2.9816873015287015e-05
2025,close_ema_3_ratio,0.7291896784329811,-2.286296003650712e-05
2025,close_ema_3_atr,0.5701971531640024,-8.50034360633245e-06
2025,close_ema_7_ratio,0.5363536308466892,8.686246429090438e-05
2025,close_ema_7_atr,0.11606637467133447,4.230755403411557e-05
2025,sma_spread_atr,0.9153622014606716,-6.637043432555778e-05
2025,ema_spread_atr,0.9629479593446211,1.9880025751817243e-05
2025,rsi_4,0.3652203415175398,7.236354726547489e-07
2025,rsi_z,0.4416332282810997,1.0281644906573462e-06
2025,adx_4,1.5098151258564185,2.5114716197371934e-05
2025,dmp_4,1.253389189106992,-5.0208865053136265e-05
2025,dmn_4,1.0481962562582157,3.192344707847461e-05
2025,di_spread,0.7781163475308196,-2.0943654547744828e-05
2025,adx_slope,0.5742035879110081,-5.064553955813622e-05
2025,rsi_adx_product,0.5585558147253874,1.2086377988218544e-05
2025,macd_atr,0.27913989861166183,-1.4125049626390052e-05
2025,macd_hist_atr,0.0,0.0
2025,macd_diff_atr,0.8085370560759422,-3.915952317967708e-07
2025,bb_width,1.2845582626453114,-5.773839190537089e-06
2025,bb_pos,0.45012387231797274,7.341586401099498e-05
2025,bb_width_atr,0.0,0.0
2025,log_return,0.17799299484809863,-3.4935866804364224e-05
2025,candle_range_atr,0.36171859971799997,2.898836187381626e-05
2025,ret_lag_1,0.3651516294677046,1.1687359122936058e-05
2025,ret_lag_1_atr,0.3037133695997974,9.204839843013346e-06
2025,rsi_lag_1,0.0,0.0
2025,macd_hist_atr_lag_1,0.5219810986054739,-2.131232272906125e-05
2025,ret_lag_2,1.0395553690616757,-1.4788722086489514e-05
2025,ret_lag_2_atr,0.44465054821216626,-3.545536370452851e-05
2025,rsi_lag_2,0.0,0.0
2025,macd_hist_atr_lag_2,0.28084075890763566,-4.019562684476341e-05
2025,ret_lag_5,0.2822035479907578,-7.854173225751993e-05
2025,ret_lag_5_atr,0.15476781154921065,1.7621903559028596e-05
2025,rsi_lag_5,0.0,0.0
2025,macd_hist_atr_lag_5,0.3852206303411894,-1.97382302862259e-05
2025,ret_lag_8,1.619326562876209,0.00011803994135339835
2025,ret_lag_8_atr,0.0,0.0
2025,rsi_lag_8,1.0328338686886234,1.96285675397867e-05
2025,macd_hist_atr_lag_8,0.0,0.0
2025,ret_lag_13,0.9307751537042486,0.00018657522008314054
2025,ret_lag_13_atr,1.6827818463947555,0.00026403941955854826
2025,rsi_lag_13,0.0,0.0
2025,macd_hist_atr_lag_13,0.7283221075499576,5.89190020399144e-05
2025,hour_sin,4.477115158572257,0.0009862265476521248
2025,hour_cos,1.3573427865002994,-0.00015060018110779616
2025,dow,8.010048395892984,0.0005731909430306548
2025,ext_from_low_6,0.0,0.0
2025,ext_from_high_6,1.181183968012034,-9.231189578873256e-05
2025,runup_6,0.4979815398360788,-6.984542047927533e-05
2025,er_6,0.6785079230869366,1.568358524983715e-05
2025,z_close_6,0.5198319560960283,1.986508502094253e-05
2025,ext_from_low_12,0.8599051420155476,6.540627175821712e-05
2025,ext_from_high_12,1.4185060299830454,-2.5063476735365242e-05
2025,runup_12,1.2840660302737388,2.7075242364782426e-05
2025,er_12,1.435247841553536,2.1745587944765887e-05
2025,z_close_12,0.13788437561915828,-1.759000660483956e-05
2025,ext_from_low_24,0.0,0.0
2025,ext_from_high_24,0.6677639056053782,7.111023183092868e-05
2025,runup_24,1.5017665841231025,0.0001361624189637478
2025,er_24,0.7010118371023406,8.562013600310614e-05
2025,z_close_24,1.0156815727659185,7.646079726186805e-05
2025,candle_streak,0.0,0.0
2025,bars_since_new_high,2.1574428640320273,1.2235338835431264e-05
2025,bars_since_new_low,1.5937870051738927,0.00013315399016211593
2025,bb_width_pct,0.8483290194410256,-3.711018768304264e-05
2025,rel_vol_20,1.2424370316991054,4.394836660259749e-05
2025,rel_vol_50,1.1717198770054755,-7.61260830988153e-05
2025,vol_x_body,1.125548506668022,7.311408631993643e-05
2025,vol_trend,1.6684716415712246,0.00016898619324434705
2025,trend_4h,1.6536466716749727,0.0002268944624468361
2025,adx_4h,1.7734790518487666,4.535756382861855e-05
2025,adx_slope_4h,2.2416314064371576,0.00012814866891086574
2025,slope_atr_4h,6.088327344801878,4.590987242347744e-05
2025,trend_age_4h,2.060439100295706,-0.00032636630779703246
2026,body_to_range,0.5697114563073559,-0.000159399432416496
2026,body_dir,0.12441998760816055,-2.986328845655528e-05
2026,upper_wick_ratio,0.7568715076567117,0.00013597036602930324
2026,lower_wick_ratio,0.828086810922603,-9.69114702986662e-05
2026,close_pos_in_range,0.594638119159858,0.0001318675047465856
2026,atr_pct,6.528293205403366,0.0008650193639303527
2026,atr_ratio,9.35397757146836,0.0009689943724351391
2026,atr_ema_ratio,2.1026274326253835,0.00039232937971989124
2026,close_sma_3_ratio,0.46739885313534874,6.435385423264606e-05
2026,close_sma_3_atr,0.40901204369704436,4.4835681280330775e-05
2026,close_sma_7_ratio,0.23439613348579894,4.52294417254695e-05
2026,close_sma_7_atr,0.2548041040434001,2.290195703369413e-05
2026,close_ema_3_ratio,0.35246394546411686,0.00010240495912827718
2026,close_ema_3_atr,0.7028927151656751,2.026660820897419e-05
2026,close_ema_7_ratio,0.5269416932826764,3.6167404307008155e-05
2026,close_ema_7_atr,0.23302258042670101,1.843097157383511e-05
2026,sma_spread_atr,0.27910159088688086,2.3794000396648585e-06
2026,ema_spread_atr,0.393657343225948,-0.0001044255801176952
2026,rsi_4,0.4830231713451759,1.986025669498126e-05
2026,rsi_z,0.36180921698879875,4.3910703741545376e-05
2026,adx_4,1.0343164732081966,-1.9295521526796477e-05
2026,dmp_4,1.6103393778440196,-0.0002774808756231817
2026,dmn_4,0.9582804253309135,0.0001265472882170382
2026,di_spread,1.206796665640876,-3.3511333683566846e-05
2026,adx_slope,0.634663676681553,-0.00012109683517880221
2026,rsi_adx_product,0.9526947266411151,1.1388387623822993e-05
2026,macd_atr,0.6189892005259395,-0.00022773620864646738
2026,macd_hist_atr,0.342360660950807,9.601159455252528e-06
2026,macd_diff_atr,0.8056814200392958,0.00016062320404142127
2026,bb_width,0.8136452576038726,0.0001241944221423985
2026,bb_pos,0.49691469305170294,0.000152304245615964
2026,bb_width_atr,0.1873973293370874,2.2646414751470445e-05
2026,log_return,0.27607900856421297,2.655549572372351e-05
2026,candle_range_atr,0.48354893148640515,-1.8276266139816144e-05
2026,ret_lag_1,0.4341577692199983,5.702067753676765e-05
2026,ret_lag_1_atr,0.36852333303082035,6.22309918669739e-05
2026,rsi_lag_1,0.5287341852540142,4.609273709199613e-05
2026,macd_hist_atr_lag_1,0.49701284368200577,6.223919565595537e-05
2026,ret_lag_2,0.8007805845630539,9.815382648881155e-06
2026,ret_lag_2_atr,0.596100478824807,8.851882346383455e-05
2026,rsi_lag_2,0.2912556774340261,3.2244466534603333e-06
2026,macd_hist_atr_lag_2,0.4111489384022632,-0.00011148575836172903
2026,ret_lag_5,0.4428477775549985,-9.606748543222743e-05
2026,ret_lag_5_atr,0.4576737386594789,2.1521925015255405e-05
2026,rsi_lag_5,0.6102043230135158,-2.1800094750501486e-05
2026,macd_hist_atr_lag_5,0.43975112008640477,-2.165137320342403e-05
2026,ret_lag_8,1.0458383803417823,-0.00013721786203357844
2026,ret_lag_8_atr,0.5996045228675002,-6.978736145279996e-05
2026,rsi_lag_8,0.9037161847712947,3.034123039480363e-06
2026,macd_hist_atr_lag_8,0.910084841502977,-6.930419113015951e-05
2026,ret_lag_13,1.3112445682265739,-0.0003714552107443314
2026,ret_lag_13_atr,2.1693545268234034,-0.00039015060717084715
2026,rsi_lag_13,1.021955452482254,3.445764739495871e-05
2026,macd_hist_atr_lag_13,1.393670947033662,0.00016221876093136522
2026,hour_sin,6.2570267323636415,0.004253081410095394
2026,hour_cos,2.3704433551414072,8.227209527089663e-05
2026,dow,6.61706452871115,0.006308596612734529
2026,ext_from_low_6,0.9578367568825279,-2.8831371688076146e-05
2026,ext_from_high_6,0.31224553986788645,-4.440544073136543e-05
2026,runup_6,0.5203577271388448,3.9209960101649344e-05
2026,er_6,1.1435683594049677,4.414146585363099e-06
2026,z_close_6,0.17919579224402024,4.145006149047781e-05
2026,ext_from_low_12,0.4360918908884069,9.939963070593194e-05
2026,ext_from_high_12,0.9151536532213106,-7.989901741156658e-05
2026,runup_12,1.231349608399774,-0.00032961643878093305
2026,er_12,1.9159444266941918,3.2155503771225113e-05
2026,z_close_12,0.1720057342558655,-1.532846421126166e-06
2026,ext_from_low_24,0.9242071729491512,4.932348084629723e-06
2026,ext_from_high_24,0.9636781948705406,-0.0003268009835806218
2026,runup_24,1.4171586229764517,-0.0001745983509033877
2026,er_24,1.5451892463141093,1.535594620127867e-06
2026,z_close_24,0.49820220583077574,-0.00011132555883341944
2026,candle_streak,0.19467371310375545,4.728369380879727e-05
2026,bars_since_new_high,1.4462996705916757,0.00014112063080862214
2026,bars_since_new_low,2.801175614475203,0.00023811566817277807
2026,bb_width_pct,0.5782895659919639,-3.72786704785355e-05
2026,rel_vol_20,0.9435962436054046,-8.267741738032797e-05
2026,rel_vol_50,1.5316805865594554,-0.0001768281399789906
2026,vol_x_body,1.0995246654811106,-8.252334718372722e-05
2026,vol_trend,1.7795859101939477,-0.00022994789501695756
2026,trend_4h,0.6562871466034691,-0.00025225559922925633
2026,adx_4h,2.7156182513079474,0.0013918308842693072
2026,adx_slope_4h,2.2147704632139815,-5.809519520583173e-05
2026,slope_atr_4h,2.837142008036129,-0.0003763203602691334
2026,trend_age_4h,1.612119089700821,0.00013580207035346348
