признак,на_обучении,вне_выборки,окон_помог,группа
hour_cos,19.680021003956487,33.87883305887115,7,"время (час, день недели)"
hour_sin,14.084717809157048,8.382150041483266,6,"время (час, день недели)"
atr_ratio,13.000342680292281,22.48575514449957,8,"волатильность (ATR, ширина канала, размах свечи)"
dow,3.8815128250393593,2.8020334412107495,7,"время (час, день недели)"
atr_ema_ratio,3.845878398620282,3.022853243895999,7,"волатильность (ATR, ширина канала, размах свечи)"
candle_range_atr,3.492124196864789,0.947661031039393,6,"волатильность (ATR, ширина канала, размах свечи)"
atr_pct,2.9353592396720654,-4.375174513889402,3,"волатильность (ATR, ширина канала, размах свечи)"
adx_slope_4h,1.9381746818275254,-0.2556695986266055,4,тренд-фильтр 4ч
adx_4h,1.5974421413108455,-2.198145537932086,2,тренд-фильтр 4ч
trend_age_4h,1.3616356130397942,-1.660217303267104,5,тренд-фильтр 4ч
slope_atr_4h,1.236368020228781,0.12397167611530502,4,тренд-фильтр 4ч
bars_since_new_high,1.2163892938696648,0.05237836851934896,2,"положение в диапазоне, растяжение, z-оценки"
er_24,1.1933080872976336,-0.3186076033465588,3,эффективность движения (Кауфман)
trend_4h,1.0770041472018372,-0.33054512291571914,4,тренд-фильтр 4ч
lower_wick_ratio,1.0444813530413926,0.4649537773699314,6,"свеча (тело, тени, серия)"
macd_diff_atr,0.9841074944377033,-0.15918092507506543,5,MACD
ret_lag_13,0.949717267939212,0.34544156589801556,3,доходности и их лаги
runup_24,0.924225085075147,0.19179203811529696,5,"положение в диапазоне, растяжение, z-оценки"
ext_from_low_6,0.9189648751282802,-0.4423445671576294,2,"положение в диапазоне, растяжение, z-оценки"
ext_from_low_24,0.9016560246561772,0.6933693245122079,5,"положение в диапазоне, растяжение, z-оценки"
ext_from_high_6,0.8787338819293916,-0.03549312310882824,4,"положение в диапазоне, растяжение, z-оценки"
bars_since_new_low,0.820408235852214,-0.22130464299327718,3,"положение в диапазоне, растяжение, z-оценки"
dmn_4,0.8131879432781988,0.21822214024989622,4,ADX / DI
bb_width_atr,0.7770030823494968,-0.23839943718571233,3,"волатильность (ATR, ширина канала, размах свечи)"
adx_slope,0.7476844632193471,0.49452465980122207,6,ADX / DI
ext_from_high_24,0.7026746275784594,-0.1891194646016316,3,"положение в диапазоне, растяжение, z-оценки"
macd_hist_atr_lag_8,0.6835992130540683,-0.3229961694704604,3,MACD
macd_hist_atr,0.6597411622714233,0.0027792214673227067,5,MACD
ext_from_high_12,0.6163442257322435,-0.2690379310721179,6,"положение в диапазоне, растяжение, z-оценки"
close_pos_in_range,0.579944039361641,0.16770202103287932,5,"положение в диапазоне, растяжение, z-оценки"
log_return,0.5603959425180839,0.043752590193570015,4,доходности и их лаги
macd_hist_atr_lag_13,0.5478154006079815,0.44305887530842364,5,MACD
bb_width_pct,0.5280003370705594,0.23131693162424752,6,"волатильность (ATR, ширина канала, размах свечи)"
macd_hist_atr_lag_5,0.49772498135300797,0.06546476105501628,5,MACD
adx_4,0.4889537213063574,-0.13980075739879988,1,ADX / DI
ret_lag_13_atr,0.4768587432161093,0.12395530988391099,5,доходности и их лаги
close_sma_7_atr,0.4737738506426589,0.06403025448668284,3,"скользящие средние (отклонение, спред)"
di_spread,0.4663272933808197,0.26985930064932506,4,ADX / DI
dmp_4,0.4582900796173789,0.012528084408153811,2,ADX / DI
ret_lag_5,0.436592203868412,-0.13175033285798865,3,доходности и их лаги
er_12,0.43217181747994926,0.0964403626091985,2,эффективность движения (Кауфман)
close_sma_3_atr,0.4228148076062294,-0.3167890979053393,1,"скользящие средние (отклонение, спред)"
rsi_4,0.4224716547447215,-0.09863980832129109,4,RSI
ext_from_low_12,0.39791301112423,-0.20117679776994027,2,"положение в диапазоне, растяжение, z-оценки"
ema_spread_atr,0.39716062961607856,-0.15589418550943446,3,"скользящие средние (отклонение, спред)"
z_close_24,0.3964165122206439,0.4143687715128361,6,"положение в диапазоне, растяжение, z-оценки"
rsi_adx_product,0.36829678776339175,0.016240944227366046,4,RSI
ret_lag_5_atr,0.3435429488864567,0.040346989556475726,5,доходности и их лаги
z_close_6,0.341773212362711,0.10242609165775643,6,"положение в диапазоне, растяжение, z-оценки"
macd_atr,0.34130899514353097,-0.0005860548351757366,2,MACD
close_sma_7_ratio,0.3364229135412598,-0.09032891985623474,3,"скользящие средние (отклонение, спред)"
macd_hist_atr_lag_2,0.32859794519753527,-0.11964393827403685,2,MACD
rsi_lag_13,0.3216656698494048,0.04421185608591429,3,RSI
bb_width,0.3215595627041438,-0.27418419938151095,2,"волатильность (ATR, ширина канала, размах свечи)"
rsi_lag_5,0.31989473454212436,-0.045888321560620025,2,RSI
close_ema_7_atr,0.3131845804140605,-0.32550214284414025,2,"скользящие средние (отклонение, спред)"
z_close_12,0.29253856142019813,-0.1449969558790938,3,"положение в диапазоне, растяжение, z-оценки"
ret_lag_8,0.2861874621476055,0.026164781000235213,4,доходности и их лаги
rsi_lag_8,0.2797141181682032,-0.2257482482290284,1,RSI
close_sma_3_ratio,0.27790350328739405,-0.1276223465469767,3,"скользящие средние (отклонение, спред)"
close_ema_3_ratio,0.2763434239168824,-0.2292576742133865,3,"скользящие средние (отклонение, спред)"
sma_spread_atr,0.2753613759822025,0.08979845158591429,4,"скользящие средние (отклонение, спред)"
rsi_z,0.2749267302223307,-0.051356734843931946,2,RSI
ret_lag_8_atr,0.27149612920236654,0.0755963793284617,2,доходности и их лаги
er_6,0.2681773703508358,-0.2792565751484966,1,эффективность движения (Кауфман)
close_ema_7_ratio,0.2595245683243324,-0.23150658285372944,3,"скользящие средние (отклонение, спред)"
body_to_range,0.25305507082162854,-0.11191455056291053,1,"свеча (тело, тени, серия)"
ret_lag_1,0.24546401088116837,0.0007717158701036272,4,доходности и их лаги
runup_12,0.2326594425992589,0.07881955101510245,3,"положение в диапазоне, растяжение, z-оценки"
ret_lag_2_atr,0.23230470691668542,-0.034707535179603954,3,доходности и их лаги
runup_6,0.22553312378817092,0.16341107977380312,5,"положение в диапазоне, растяжение, z-оценки"
candle_streak,0.22533834174347597,0.012294314580752044,6,"свеча (тело, тени, серия)"
close_ema_3_atr,0.21689157164253187,-0.2514002549715393,2,"скользящие средние (отклонение, спред)"
rsi_lag_1,0.20957650082288284,-0.05962152313809849,0,RSI
upper_wick_ratio,0.19534971245286642,-0.1147081004852513,1,"свеча (тело, тени, серия)"
macd_hist_atr_lag_1,0.19271875142458994,-0.10061339635500297,1,MACD
ret_lag_1_atr,0.17175059229079045,-0.07358744290775787,3,доходности и их лаги
ret_lag_2,0.16461430161508434,-0.10039433786530418,1,доходности и их лаги
body_dir,0.1627047396031199,-0.14484026391936378,0,"свеча (тело, тени, серия)"
bb_pos,0.1545183921262788,0.08667756851054464,4,"положение в диапазоне, растяжение, z-оценки"
rsi_lag_2,0.07266804818847697,-0.09003966911719563,0,RSI
